0000037904	FUNDACJA DZIECIOM ''ZDĄŻYĆ Z POMOCĄ''	328118.68
0000159689	STOWARZYSZENIE ''ŁÓDZKIE HOSPICJUM DLA DZIECI''	104696.20
0000127075	FUNDACJA ''JAŚ I MAŁGOSIA''	92700.70
0000109866	FUNDACJA GAJUSZ	87040.30
0000165702	FUNDACJA DLA DZIECI Z CHOROBAMI NOWOTWOROWYMI ''KRWINKA''	71899.59
0000186434	FUNDACJA POMOCY OSOBOM NIEPEŁNOSPRAWNYM ''SŁONECZKO''	58317.80
0000270261	FUNDACJA STUDENCKA ''MŁODZI - MŁODYM''	45877.30
0000274785	CARITAS ARCHIDIECEZJI ŁÓDZKIEJ ORGANIZACJA POŻYTKU PUBLICZNEGO	37228.70
0000270809	AVALON - BEZPOŚREDNIA POMOC NIEPEŁNOSPRAWNYM	35681.80
0000265877	FUNDACJA NIECHCIANE I ZAPOMNIANE-SOS DLA ZWIERZĄT	31802.70
0000262774	FUNDACJA SŁUŻBY RODZINIE ''NADZIEJA''	29972.10
0000207472	FUNDACJA ''ROSA''	29955.50
0000161880	FUNDACJA POMOCY DZIECIOM ''KOLOROWY ŚWIAT''	27766.10
0000049771	POLSKIE TOWARZYSTWO STWARDNIENIA ROZSIANEGO - ODDZIAŁ ŁÓDŹ	25945.80
0000014017	ŁÓDZKIE TOWARZYSTWO OPIEKI NAD ZWIERZĘTAMI	25725.00
0000133286	FUNDACJA ''HAPPY KIDS''	24575.30
0000031762	STOWARZYSZENIE RODZICÓW NA RZECZ POMOCY SZKOŁOM ''PRZYJAZNA SZKOŁA''	22876.60
0000147428	FUNDACJA NASZA SZKOŁA	22512.20
0000030897	FUNDACJA WIELKA ORKIESTRA ŚWIĄTECZNEJ POMOCY	22455.30
0000014124	''FUNDACJA TVN NIE JESTEŚ SAM''	21911.70
0000143115	KATOLICKIE STOWARZYSZENIE NIEPEŁNOSPRAWNYCH ARCHIDIECEZJI ŁÓDZKIEJ	18457.70
0000286305	FUNDACJA ''DBAM O ZDROWIE''	17432.30
0000174486	FUNDACJA ANNY DYMNEJ MIMO WSZYSTKO	17373.70
0000125054	FUNDACJA EWY BŁASZCZYK AKOGO	16119.50
0000160673	FUNDACJA WWF POLSKA	16052.40
0000180402	FUNDACJA GREENPEACE POLSKA	15680.10
0000150209	STOWARZYSZENIE RODZICÓW I OPIEKUNÓW DZIECI NIEPEŁNOSPRAWNYCH ''NASZYM DZIECIOM''	15661.20
0000137523	STOWARZYSZENIE ''HOSPICJUM ŁÓDZKIE''	15039.30
0000135274	MIĘDZYNARODOWY RUCH NA RZECZ ZWIERZĄT - VIVA	14229.50
0000283814	ZWIĄZEK HARCERSTWA POLSKIEGO CHORĄGIEW ŁÓDZKA	14147.68
0000226639	FUNDACJA MEDOR - PRZYJACIELE BEZDOMNYCH ZWIERZĄT	13912.00
0000056901	STOWARZYSZENIE ''SOS WIOSKI DZIECIĘCE W POLSCE''	13682.40
0000401965	MIEJSKI SZKOLNY ZWIĄZEK SPORTOWY W ŁODZI	13459.50
0000266644	FUNDACJA SERCE DZIECKA IM. DINY RADZIWIŁŁOWEJ	13286.80
0000270540	KRAJOWE TOWARZYSTWO AUTYZMU ODDZIAŁ W ŁODZI	12842.80
0000133612	STOWARZYSZENIE NA RZECZ DZIKICH ZWIERZĄT ''SOKÓŁ''	12806.20
0000308316	FUNDACJA ''ZŁOTOWIANKA''	12784.40
0000022383	POLSKIE TOWARZYSTWO CHORÓB NERWOWO-MIĘŚNIOWYCH ODDZIAŁ REGIONALNY W ŁODZI	12503.00
0000276365	FUNDACJA POMOCY SPOŁECZNEJ ''CHODŹMY RAZEM''	12209.00
0000277044	FUNDACJA POMAGAM	11904.90
0000138499	TOWARZYSTWO PRZYJACIÓŁ NIEPEŁNOSPRAWNYCH	11862.20
0000338878	''DOBRO POWRACA - FUNDACJA NA RZECZ CHORYCH NA STWARDNIENIE ROZSIANE''	10920.30
0000318482	AKADEMIA LIDERÓW INNOWACJI I PRZEDSIĘBIORCZOŚCI FUNDACJA DR BOGUSŁAWA FEDERA	10721.00
0000263103	FUNDACJA ''DOM W ŁODZI''	10641.50
0000285433	FUNDACJA DZIECIOM ''POMAGAJ''	10587.30
0000216045	TOWARZYSTWO PRZYJACIÓŁ DZIECI ZARZĄD ODDZIAŁU DZIELNICOWEGO ŁÓDŹ-GÓRNA	10238.40
0000083356	POLSKIE TOWARZYSTWO STWARDNIENIA ROZSIANEGO	9730.60
0000069730	OGÓLNOPOLSKIE TOWARZYSTWO OCHRONY ZWIERZĄT OTOZ ''ANIMALS''	9678.10
0000253998	STOWARZYSZENIE OŚWIATOWE ''TWOJA SZKOŁA''	8930.80
0000064892	POLSKIE TOWARZYSTWO WALKI Z MUKOWISCYDOZĄ	8852.50
0000248920	FUNDACJA ''ROZSZCZEPOWE MARZENIA''	8704.80
0000358654	ALIVIA - FUNDACJA ONKOLOGICZNA OSÓB MŁODYCH	8654.30
0000151511	''FUNDACJA DZIECIOM Z UPOŚLEDZENIEM UMYSŁOWYM - AGNIESZKA''	8649.50
0000303812	FUNDACJA ''AZYL''	8381.30
0000320551	FUNDACJA JAŚKA MELI POZA HORYZONTY	8165.70
0000024181	FUNDACJA ''DR CLOWN''	8085.90
0000198645	CARITAS POLSKA	7995.20
0000298785	STOWARZYSZENIE ŁÓDZKIEJ OPIEKI PALIATYWNEJ I DŁUGOTERMINOWEJ ''ŻYĆ GODNIE''	7802.30
0000199423	FUNDACJA RODZINNEJ OPIEKI ZASTĘPCZEJ ''JA I MÓJ DOM''	7701.10
0000298342	FUNDACJA ''KOCIA MAMA''	7573.40
0000069890	FUNDACJA ''BALIAN SPORT''	7379.90
0000037425	FUNDACJA ''GŁOS DLA ŻYCIA''	7298.50
0000271605	STOWARZYSZENIE PRZY SP 172 ''UCZEŃ'' IM. JANINY JASZCZYŃSKIEJ	7171.90
0000086210	FUNDACJA ''NA RATUNEK DZIECIOM Z CHOROBĄ NOWOTWOROWĄ''	7102.30
0000141749	TOWARZYSTWO OŚWIATOWE ''EDUKACJA''	6664.60
0000145412	STOWARZYSZENIE HOSPICJUM IM. JANA PAWŁA II PRZY PARAFII N.M.P. RÓŻAŃCOWEJ Z SIEDZIBĄ W ZGIERZU	6414.40
0000282796	FUNDACJA KSIĘDZA ORIONE CZYŃMY DOBRO	5973.70
0000272264	STOWARZYSZENIE WSPIERANIA I ROZWOJU EDUKACJI ''OTWARTE DRZWI''	5890.30
0000097900	MATIO FUNDACJA POMOCY RODZINOM I CHORYM NA MUKOWISCYDOZĘ	5640.70
0000109002	TOWARZYSTWO PRZYJACIÓŁ ''DOMU NA OSIEDLU''	5486.40
0000054086	TOWARZYSTWO OPIEKI NAD OCIEMNIAŁYMI	5410.20
0000237659	FUNDACJA POMAGAJĄCA DZIECIOM Z CHOROBAMI NARZĄDÓW RUCHU - ''IDZIEMY RAZEM''	5392.20
0000123367	ŁÓDZKIE TOWARZYSTWO ALZHEIMEROWSKIE	5298.10
0000220518	CHRZEŚCIJAŃSKA SŁUŻBA CHARYTATYWNA	5224.90
0000225394	''FUNDACJA OTWÓRZ SERCE''	5068.80
0000057720	ZWIĄZEK HARCERSTWA RZECZYPOSPOLITEJ	4922.20
0000208390	STOWARZYSZENIE NA RZECZ OSÓB NIEPEŁNOSPRAWNYCH ''POKÓJ''	4820.90
0000257551	FUNDACJA CENTAURUS	4635.40
0000274550	STOWARZYSZENIE PRZYJACIÓŁ WOJEWÓDZKIEGO SZPITALA SPECJALISTYCZNEGO IM. MARII SKŁODOWSKIEJ-CURIE W ZGIERZU	4591.80
0000219957	STOWARZYSZENIE URATUJMY ŻYCIE WSPIERANIA BADAŃ NAD CHOROBĄ SANFILIPPO I INNYMI CHOROBAMI RZADKIMI ORAZ ROZWOJU CHIRURGII	4506.40
0000249753	FUNDACJA ''NASZE DZIECI'' PRZY KLINICE ONKOLOGII W INSTYTUCIE ''POMNIK-CENTRUM ZDROWIA DZIECKA''	4493.70
0000303590	FUNDACJA ''POTRAFIĘ POMÓC'' NA RZECZ DZIECI NIEPEŁNOSPRAWNYCH Z WADAMI ROZWOJOWYMI	4336.60
0000220101	FUNDACJA ROZWOJU ONKOLOGII	4311.00
0000363544	FUNDACJA ''POMOC MŁODYM DIABETYKOM''	4290.80
0000050905	STOWARZYSZENIE WIOSNA	4273.70
0000180857	STOWARZYSZENIE NA RZECZ REHABILITACJI OSÓB NIEWIDOMYCH I SŁABO WIDZĄCYCH ''SPOJRZENIE''	4118.50
0000246136	FUNDACJA POMOCY OSOBOM NIEPEŁNOSPRAWNYM ''AMI''	4088.50
0000191928	FUNDACJA INSTYTUT SPRAW OBYWATELSKICH	4047.60
0000179268	FUNDACJA ''AMA CANEM''	4047.50
0000197334	FUNDACJA PARTNERSTWO	4014.50
0000148747	FUNDACJA ''PRZYSZŁOŚĆ DLA DZIECI''	3930.40
0000135921	FUNDACJA POLSAT	3905.50
0000393013	FUNDACJA ''TĘCZOWY PARASOL''	3835.80
0000051265	ŚWIĘTOKRZYSKI KLUB ''AMAZONKI'' PRZY ŚWIĘTOKRZYSKIM CENTRUM ONKOLOGII W KIELCACH	3835.10
0000097123	FUNDACJA WARSZAWSKIE HOSPICJUM DLA DZIECI	3768.60
0000338389	FUNDACJA SEDEKA	3743.80
0000191989	FUNDACJA ''WCZEŚNIAK RODZICE RODZICOM''	3636.00
0000127204	FUNDACJA RADIA ZET	3608.30
0000317174	FUNDACJA ''TWÓJ PORANEK''	3572.00
0000245254	FUNDACJA DZIECIOM NIEPEŁNOSPRAWNYM ''PODARUJ UŚMIECH''	3533.30
0000314496	TOWARZYSTWO POMOCY IM.ŚW.BRATA ALBERTA KOŁO ŁÓDZKIE	3520.30
0000150776	FUNDACJA ''DZIEŁO NOWEGO TYSIĄCLECIA''	3447.40
0000273267	STOWARZYSZENIE OSÓB Z CHOROBĄ PARKINSONA I ICH RODZIN SŁONIK	3430.90
0000027048	ŁÓDZKI KLUB AMAZONKA	3417.50
0000290988	FUNDACJA STWORZENIA PANA SMOLENIA	3247.30
0000050135	DOLNOŚLĄSKA FUNDACJA ROZWOJU OCHRONY ZDROWIA	3206.50
0000274957	POLSKIE TOWARZYSTWO STWARDNIENIA ROZSIANEGO ODDZIAŁ W SIERADZU	3187.10
0000325747	FUNDACJA ''PARENT PROJECT MUSCULAR DYSTROPHY''	3121.90
0000235040	STOWARZYSZENIE ŚPIEWACZE ''HARMONIA''	3013.70
0000055578	''FUNDACJA NA RZECZ CHORYCH NA SM IM. BŁ. ANIELI SALAWY''	2993.10
0000116212	ZWIĄZEK OCHOTNICZYCH STRAŻY POŻARNYCH RZECZYPOSPOLITEJ POLSKIEJ	2938.30
0000097425	STOWARZYSZENIE MŁODZIEŻY I OSÓB Z PROBLEMAMI PSYCHICZNYMI, ICH RODZIN I PRZYJACIÓŁ ''POMOST''	2930.60
0000321541	FUNDACJA NA RZECZ POMOCY DZIECIOM NIEPEŁNOSPRAWNYM ''NOWA NADZIEJA'' Z SIEDZIBĄ W KALISZU	2912.50
0000332814	TOWARZYSTWO ROZWOJU OCHOTNICZYCH STRAŻY POŻARNYCH	2838.70
0000134759	FUNDACJA ŚW. JANA BOŻEGO	2804.80
0000023852	''FUNDACJA POMOCY DZIECIOM Z CHOROBAMI NOWOTWOROWYMI W POZNANIU''	2790.90
0000311677	AMBER FUNDACJA POMOCY OFIAROM WYPADKÓW DROGOWYCH	2759.00
0000183283	FUNDACJA ''ŚWIATŁO''	2695.50
0000161200	STOWARZYSZENIE HOSPICJUM KRÓLOWEJ APOSTOŁÓW	2689.50
0000217031	FUNDACJA CENTRUM ŚW. OJCA PIO	2687.40
0000154454	TOWARZYSTWO OPIEKI NAD ZWIERZĘTAMI W POLSCE	2675.70
0000362564	FUNDACJA ''MAM SERCE''	2661.20
0000217272	DZIEŁO POMOCY ŚW. OJCA PIO	2648.40
0000090256	ŁÓDZKIE TOWARZYSTWO NAUKOWE	2517.30
0000368135	FUNDACJA ''MIEJ SERCE''	2501.50
0000032355	STOWARZYSZENIE RODZIN I OPIEKUNÓW OSÓB Z ZESPOŁEM DOWNA ''BARDZIEJ KOCHANI''	2473.60
0000244732	STOWARZYSZENIE WIKIMEDIA POLSKA	2430.70
0000265307	''FOR ANIMALS''	2420.50
0000070098	STOWARZYSZENIE NA TAK	2403.70
0000087884	POLSKI ZWIĄZEK NIEWIDOMYCH OKRĘG ŁÓDZKI	2367.60
0000209788	FUNDACJA POMOCY RODZINIE ''OPOKA''	2352.70
0000254282	STOWARZYSZENIE NA RZECZ DZIECI I MŁODZIEŻY UPOŚLEDZONEJ UMYSŁOWO ''BLIŻEJ SIEBIE''	2334.00
0000128832	FUNDACJA SPEŁNIONYCH MARZEŃ	2332.30
0000024460	FUNDACJA IM. WOJSKOWEJ AKADEMII MEDYCZNEJ	2324.50
0000039541	FUNDACJA SKARBOWOŚCI IM. JANA PAWŁA II	2322.70
0000241411	STOWARZYSZENIE NA RZECZ DZIECI ZE ZŁOŻONĄ NIEPEŁNOSPRAWNOŚCIĄ ''POTRAFIĘ WIĘCEJ''	2309.90
0000110888	POLSKIE TOWARZYSTWO STWARDNIENIA ROZSIANEGO ODDZIAŁ WARSZAWSKI	2251.20
0000345382	TOWARZYSTWO PRZYJACIÓŁ ZWIERZĄT ''ARKADIA'' W GŁOWNIE	2189.50
0000272272	''FUNDACJA VOTUM''	2173.80
0000215117	''STOWARZYSZENIE KU POKRZEPIENIU SERC PRZY OŚRODKU REHABILITACJI KARDIOLOGICZNEJ POPIOŁY''	2145.80
0000136833	POLSKA AKCJA HUMANITARNA	2105.40
0000311656	FUNDACJA ''POMAGAJMY RAZEM - ZWIERZĘTA W POTRZEBIE''	2104.30
0000046184	POLSKIE STOWARZYSZENIE NA RZECZ OSÓB Z UPOŚLEDZENIEM UMYSŁOWYM KOŁO W ZGIERZU	2093.40
0000290273	FUNDACJA NA RZECZ DZIECI Z WADAMI SERCA ''COR INFANTIS''	2089.20
0000184087	FUNDACJA EDUKACJI I ROZWOJU SPOŁECZEŃSTWA OBYWATELSKIEGO	2076.70
0000273196	OPOLSKIE STOWARZYSZENIE REHABILITACJI NEUROLOGICZNEJ I FUNKCJONALNEJ	2076.40
0000018766	STOWARZYSZENIE RODZICÓW I OPIEKUNÓW CHORYCH Z ZESPOŁEM DOWNA W ŁODZI	2068.70
0000051170	POLSKI ZWIĄZEK GŁUCHYCH ODDZIAŁ ŁÓDZKI	2066.00
0000084062	FUNDACJA WSPIERANIA ALPINIZMU POLSKIEGO IM. JERZEGO KUKUCZKI	2063.90
0000332816	FUNDACJA RADIA NIEPOKALANÓW	2063.30
0000218931	STOWARZYSZENIE ''DOBRA DROGA''	2060.70
0000225587	POLSKI CZERWONY KRZYŻ	2026.10
0000101309	FUNDACJA POMOCY WDOWOM I SIEROTOM PO POLEGŁYCH POLICJANTACH	2015.90
0000100708	STOWARZYSZENIE RODZICÓW I PRZYJACIÓŁ DZIECI I OSÓB SPECJALNEJ TROSKI ''TROSKA''	1996.90
0000248947	STRAŻ DLA ZWIERZĄT W POLSCE	1992.00
0000074781	FUNDACJA PRZYJACIÓŁKA	1989.30
0000295343	FUNDACJA POMOCY DZIECIOM ''UŚMIECHNIJ SIĘ''	1983.50
0000140437	POLSKIE STOWARZYSZENIE OBROŃCÓW ŻYCIA CZŁOWIEKA	1979.30
0000142952	FUNDACJA SPLOTU RAMIENNEGO	1963.00
0000278355	FUNDACJA WALDIEGO - SERCE NA DŁONI	1931.10
0000030706	FUNDACJA RATOWNICTWA TATRZAŃSKIEGO TOPR	1883.00
0000318596	''FUNDACJA GO-NOW DARIUSZA WADOWSKIEGO''	1871.40
0000070179	FUNDACJA NAUKI I WYCHOWANIA	1865.30
0000298237	FUNDACJA ''GWIAZDA NADZIEI''	1841.80
0000306549	FUNDACJA ŚWIĘTEGO BARNABY	1824.40
0000132424	DOMY WSPÓLNOTY CHLEB ŻYCIA	1822.80
0000211421	AUTONOMICZNE KOŁO TERENOWE NR 4 ŁÓDZKIEGO STOWARZYSZENIA SPOŁECZNO-OŚWIATOWEGO	1813.10
0000014574	STOWARZYSZENIE NA RZECZ NIEPEŁNOSPRAWNYCH SPES	1806.60
0000065400	MIĘDZYNARODOWE STOWARZYSZENIE POMOCY ''SŁYSZĘ SERCE''	1787.90
0000231110	''PUCKIE HOSPICJUM P.W. ŚW. OJCA PIO''	1766.20
0000214104	UCZNIOWSKI KLUB SPORTOWY ''UKS-SMS''	1764.50
0000107957	POLSKI KOMITET NARODOWY FUNDUSZU NARODÓW ZJEDNOCZONYCH NA RZECZ DZIECI - UNICEF	1728.90
0000378256	KLUB SPORTOWY ''GWARDIA'' ŁÓDŹ	1685.20
0000018926	REGIONALNA FUNDACJA POMOCY NIEWIDOMYM	1624.80
0000137138	FUNDACJA POMOCY EMERYTOM I RENCISTOM WOJSKOWYM	1585.90
0000252165	STOWARZYSZENIE KULTURALNO-ARTYSTYCZNE ''RITA BAUM''	1574.40
0000085484	MIĘDZYNARODOWA FUNDACJA KOBIET	1505.60
0000338803	FUNDACJA ''RAK 'N' ROLL - WYGRAJ ŻYCIE''	1486.90
0000252350	FUNDACJA CARITAS DIECEZJI ŁOWICKIEJ	1486.50
0000070747	''AXIS'' STOWARZYSZENIE POMOCY DLA CHORYCH PO URAZIE RDZENIA KRĘGOWEGO	1475.50
0000342704	ADVENTIST DEVELOPMENT AND RELIEF AGENCY POLSKA	1471.60
0000318602	''FUNDACJA DKMS BAZA DAWCÓW KOMÓREK MACIERZYSTYCH POLSKA''	1451.10
0000318521	''WARTO JEST POMAGAĆ''	1424.80
0000303076	FUNDACJA POMOCY GOLDENOM ''AUREA''	1405.70
0000101194	FUNDACJA IM. STEFANA BATOREGO	1405.40
0000372985	POLSKIE STOWARZYSZENIE NA RZECZ OSÓB Z UPOŚLEDZENIEM UMYSŁOWYM KOŁO W ŁODZI	1403.60
0000323246	FUNDACJA ''INSTYTUT DZIAŁAŃ TWÓRCZYCH''	1400.90
0000222393	FUNDUSZ POMOCY DZIECIOM I MŁODZIEŻY IM. MATKI BOŻEJ Z LA SALETTE	1389.90
0000198280	FUNDACJA ''NADZIEJA'' OSÓB POSZKODOWANYCH W WYPADKACH DROGOWYCH	1369.60
0000171673	STOWARZYSZENIE POMOCY DZIECIOM ''BRATEK''	1347.30
0000134190	STOWARZYSZENIE RODZIN KATOLICKICH ARCHIDIECEZJI ŁÓDZKIEJ	1340.90
0000208157	FUNDACJA AZYLU KOCI ŚWIAT	1339.70
0000119251	FUNDACJA PEGASUS	1305.30
0000215754	STOWARZYSZENIE NA RZECZ OSÓB Z AUTYZMEM ''ODZYSKAĆ WIĘZI''	1303.90
0000177137	MAM MARZENIE	1289.10
0000060769	SAMODZIELNE KOŁO TERENOWE NR 55 SPOŁECZNEGO TOWARZYSTWA OŚWIATOWEGO W ŁODZI	1284.20
0000264171	FUNDACJA ''POŁĄCZENI PASJĄ''	1271.80
0000331601	''FUNDACJA UDARU MÓZGU''	1266.10
0000207819	KLUB SPORTOWY ''SPOŁEM''	1264.00
0000231632	EUROPEJSKIE CENTRUM KULTURY LOGOS	1255.40
0000122672	AEROKLUB POLSKI	1242.70
0000187020	ŁÓDZKI UNIWERSYTET TRZECIEGO WIEKU IM. HELENY KRETZ	1222.20
0000123776	STOWARZYSZENIE POMOCY OSOBOM ZAKAŻONYM WIRUSAMI HEPATOTROPOWYMI ''HEPA-HELP''	1218.20
0000099030	TOWARZYSTWO PRZYJACIÓŁ ŁODZI	1216.70
0000176691	''OCHOTNICZA STRAŻ POŻARNA - ODDZIAŁ RATOWNICTWA WODNEGO''	1208.20
0000057384	FUNDACJA DOBROCZYNNOŚCI ATLAS	1207.70
0000120305	STOWARZYSZENIE RODZICÓW DZIECI CHORYCH NA BIAŁACZKĘ I INNE CHOROBY NOWOTWOROWE	1190.30
0000221902	''ŻYĆ Z CHOROBĄ PARKINSONA''	1188.80
0000309499	''PALLOTYŃSKA FUNDACJA MISYJNA SALVATTI.PL''	1159.00
0000224133	''STOWARZYSZENIE NA RZECZ PRZECIWDZIAŁANIA ZJAWISKOM PATOLOGII SPOŁECZNEJ MIĘDZY LUDŹMI''	1156.50
0000069531	FUNDACJA NA RZECZ POMOCY CHORYM NA BIAŁACZKI	1126.40
0000326128	FUNDACJA POMOCY OSOBOM Z ZABURZENIAMI ZE SPEKTRUM AUTYZMU ORAZ ICH RODZINOM ''SILENTIO''	1104.70
0000178532	FUNDACJA ZDROWIA ZIEMI ŁÓDZKIEJ	1100.50
0000204322	STOWARZYSZENIE PROMOCJI KULTURY I NAUKI (SPKIN)	1099.20
0000309519	''NIE TYLKO MYŚL''	1097.90
0000161031	FUNDACJA ARTYSTÓW WETERANÓW SCEN POLSKICH	1084.40
0000361872	FUNDACJA HIPPOCAMPUS	1084.30
0000223306	FUNDACJA TARA - SCHRONISKO DLA KONI	1066.30
0000090215	FUNDACJA ''PROMYK SŁOŃCA''	1064.80
0000324460	FUNDACJA POMOCY CHORYM I DZIECIOM ''KUBUŚ''	1049.40
0000224863	KLUB SPORTOWY ''DRAGON''-ŁÓDŹ	1037.40
0000287744	DIGNITAS DOLENTIUM	1026.10
0000143874	POLSKI ZWIĄZEK SZACHOWY	1025.40
0000126602	''FUNDACJA ŚWIĘTEGO MIKOŁAJA''	1018.70
0000215532	STOWARZYSZENIE PROMOCJI ZDROWIA I PSYCHOTERAPII	1010.30
0000045988	FUNDACJA ''STUPA HOUSE''	1004.60
0000052354	STOWARZYSZENIE RAZEM PRZY DZIENNYM OŚRODKU ADAPTACYJNYM DLA OSÓB NIEPEŁNOSPRAWNYCH W PABIANICACH	1001.20
0000124134	STOWARZYSZENIE ''PARAFIADA'' IM. ŚW. JÓZEFA KALASANCJUSZA	993.10
0000011409	ORATORIUM IM. ŚW. JANA BOSKO	991.40
0000017864	FUNDACJA POMOCY DZIECIOM- DAR SERCA	986.20
0000100243	FUNDACJA POMOCY DZIECIOM	960.60
0000248901	STOWARZYSZENIE ''OBYWATELE OBYWATELOM''	949.40
0000070056	NOWOCZESNA POLSKA	928.90
0000328590	FUNDACJA ''KOCI AZYL''	920.30
0000221224	TOWARZYSTWO KRZEWIENIA KULTURY FIZYCZNEJ OGNISKO ''DZIKUSY''	914.90
0000098653	FUNDACJA POMOCY SPOŁECZNEJ ''EVA''	906.90
0000238525	POLSKIE TOWARZYSTWO WSPIERANIA OSÓB Z NIESWOISTYMI ZAPALENIAMI JELITA ''J-ELITA''	905.50
0000120069	STOWARZYSZENIE EKOLOGICZNO-KULTURALNE KLUB GAJA	888.00
0000071891	FUNDACJA ''ŚWIATŁO - ŻYCIE''	865.80
0000318908	FUNDACJA ''SOS BOKSEROM''	862.40
0000128582	STOWARZYSZENIE EWANGELIZACYJNO-CHARYTATYWNE ''MOCNI W DUCHU''	853.40
0000254619	STOWARZYSZENIE CENTRUM WSPARCIA TERAPEUTYCZNEGO	851.80
0000344864	''BERNARDYN'' FUNDACJA ZWIERZĄT SKRZYWDZONYCH	847.80
0000304771	STOWARZYSZENIE RANNYCH I POSZKODOWANYCH W MISJACH POZA GRANICAMI KRAJU	833.00
0000382243	FUNDACJA POMOCY DZIECIOM I OSOBOM CHORYM ''KAWAŁEK NIEBA''	831.80
0000015808	OGÓLNOPOLSKIE TOWARZYSTWO OCHRONY PTAKÓW	813.10
0000161713	STOWARZYSZENIE ŁĄCZNOŚCI I POMOCY RODAKOM WE LWOWIE I NA KRESACH W STALOWEJ WOLI	808.50
0000265542	FUNDACJA VIDE SUPRA	804.90
0000034914	STOWARZYSZENIE ''WSPÓLNOTA POLSKA''	804.60
0000145371	FUNDACJA INSTYTUT ARTES LIBERALES	804.30
0000028246	FUNDACJA IM. BRATA ALBERTA	796.10
0000390878	FUNDACJA ''RODZICE PRZYSZŁOŚCI''	785.80
0000247525	MIĘDZYNARODOWY ZAKON RYCERSKI ŚWIĘTEGO JERZEGO W POLSCE	785.47
0000239066	POLSKIE STOWARZYSZENIE LUDZI CIERPIĄCYCH NA PADACZKĘ - ODDZIAŁ ŁÓDZKI	784.20
0000043096	TOWARZYSTWO PRZYJACIÓŁ DZIECI ŁÓDZKI ODDZIAŁ REGIONALNY	784.00
0000015352	KOMITET POMOCY DLA ZWIERZĄT	779.90
0000215720	CENTRUM INICJATYW LOKALNYCH	774.50
0000184746	STOWARZYSZENIE POMOCY OSOBOM Z NIEPEŁNOSPRAWNOŚCIĄ UMYSŁOWĄ ''JESTEM''	772.70
0000226229	FUNDACJA ROZWOJU UNIWERSYTECKIEGO SZPITALA KLINICZNEGO IM. WOJSKOWEJ AKADEMII MEDYCZNEJ UNIWERSYTETU MEDYCZNEGO W ŁODZI - CENTRALNEGO SZPITALA WETERANÓW ''PRO CORDIS''	772.60
0000249454	STOWARZYSZENIE PRZYJACIÓŁ LUDZKIEGO ŻYCIA	770.00
0000274691	MISJA CHARYTATYWNO-OPIEKUŃCZA O PROFILU SOCJALNO-BYTOWYM POŻYTKU PUBLICZNEGO PN. ''W CZŁOWIEKU WIDZIEĆ BRATA''	768.60
0000224989	KLUB KARATE ''44''	763.10
0000314944	STOWARZYSZENIE ''EKO - EDUKACJA''	760.70
0000031991	STOWARZYSZENIE POMOCY DZIECIOM I OSOBOM STARSZYM ''PULS''	741.80
0000329604	FUNDACJA ''SZKOŁA POD ŻAGLAMI KRZYSZTOFA BARANOWSKIEGO''	740.70
0000247350	FUNDACJA ZAPOBIEGANIA NIEPEŁNOSPRAWNOŚCI I PROMOCJI ZDROWIA PRZY ODDZIALE REHABILITACJI SZPITALA W EŁKU ''REHA-VITAE''	740.00
0000202278	STOWARZYSZENIE OSÓB NIEPEŁNOSPRAWNYCH ''TACY SAMI'' W ŁOWICZU	736.10
0000085133	KOŁO POLSKIEGO STOWARZYSZENIA NA RZECZ OSÓB Z UPOŚLEDZENIEM UMYSŁOWYM	733.80
0000147286	POLSKIE STOWARZYSZENIE ŻEGLARZY NIEPEŁNOSPRAWNYCH	733.30
0000307848	ŁÓDZKIE STOWARZYSZENIE POMOCY DZIECIOM ''SKRAWEK NIEBA''	731.00
0000143026	STOWARZYSZENIE NA RZECZ WOLNEGO HANDLU	728.70
0000130466	STOWARZYSZENIE POMOCY POTRZEBUJĄCYM PATRZ SERCEM	725.00
0000201002	FUNDACJA HOSPICYJNA	714.20
0000063664	STOWARZYSZENIE POMOCY DZIECIOM Z CHOROBAMI ALERGICZNYMI I ZABURZENIAMI ODPORNOŚCI ''ZIELONY BALONIK''	709.10
0000367293	FUNDACJA ROZWOJU ELEKTROKARDIOLOGII IM. DR S.STERLINGA - KARDIORYTM	707.40
0000082995	POLSKIE TOWARZYSTWO OCHRONY PTAKÓW	702.60
0000246016	OCHOTNICZA STRAŻ POŻARNA W ZADZIMIU	702.40
0000143019	POLSKIE STOWARZYSZENIE NA RZECZ OSÓB Z UPOŚLEDZENIEM UMYSŁOWYM KOŁO W ALEKSANDROWIE ŁÓDZKIM	700.50
0000076301	ODDZIAŁ POLSKIEGO TOWARZYSTWA WALKI Z KALECTWEM	700.20
0000037031	FUNDACJA ''ORLEN-DAR SERCA''	698.90
0000171447	FUNDACJA ''NASZE ZOO''	685.60
0000229579	STOWARZYSZENIE MISJI AFRYKAŃSKICH, CENTRUM CHARYTATYWNO-WOLONTARIACKIE ''SOLIDARNI''	679.80
0000024008	FUNDACJA EDUKACJI NA RZECZ ZRÓWNOWAŻONEGO ROZWOJU ''GAJA''	678.70
0000300916	STOWARZYSZENIE ŻEGLARZY NIEPEŁNOSPRAWNYCH ''KEJA''	671.90
0000248546	FUNDACJA ISKIERKA	671.20
0000235804	FUNDACJA ''CZYŃ DOBRO IM. JANA PAWŁA II''	668.50
0000052022	BANK ŻYWNOŚCI W ŁODZI IM. MARKA EDELMANA	668.40
0000207304	STOWARZYSZENIE SIEMACHA	655.80
0000103990	KRAJOWE STOWARZYSZENIE POMOCY SZKOLE	652.00
0000104323	FUNDACJA ''DAR SERC''	647.20
0000210221	TOWARZYSTWO POMOCY NIEPEŁNOSPRAWNYM ODDZIAŁ W ŁODZI	641.80
0000272371	FUNDACJA ''WAKACJE MARZEŃ''	634.30
0000057880	FUNDACJA ROZWOJU PRZEDSIĘBIORCZOŚCI	633.80
0000247764	OŚRODEK KULTURY I FORMACJI CHRZEŚCIJAŃSKIEJ IM. SŁUŻEBNICY BOŻEJ ANNY JENKE	632.00
0000121785	FUNDACJA DLA DZIECI ''DAR SERCA''	630.40
0000100960	STOWARZYSZENIE ''DAĆ NADZIEJĘ''	622.60
0000108594	ŁÓDZKIE TOWARZYSTWO FOTOGRAFICZNE	620.60
0000304698	STOWARZYSZENIE NA RZECZ OSÓB NIEPEŁNOSPRAWNYCH I ICH RODZIN INNA BAJKA	617.70
0000004022	KLUB SPORTOWY ''ORZEŁ'' ŁÓDŹ	615.20
0000016304	DIECEZJALNA FUNDACJA OCHRONY ŻYCIA	613.70
0000024625	FUNDACJA ''PODARUJ SERCE INNYM''	609.80
0000356995	''FUNDACJA MAMY I TATY''	606.90
0000265120	FUNDACJA PODKARPACKIE HOSPICJUM DLA DZIECI	602.60
0000326747	FUNDACJA ''LEPSZE DNI''	601.10
0000243743	''DOROŚLI DZIECIOM''	596.60
0000045770	BEZPIECZNY POWIAT HRUBIESZOWSKI	594.40
0000114639	STOWARZYSZENIE NA RZECZ OSÓB Z UPOŚLEDZENIEM UMYSŁOWYM ''RAZEM''	592.40
0000115352	FUNDACJA NA RZECZ ROZWOJU POWIATU WIELUŃSKIEGO	592.40
0000326684	FUNDACJA RADCÓW PRAWNYCH ''SUBSIDIO VENIRE''	588.80
0000037573	POLSKIE STOWARZYSZENIE DIABETYKÓW	586.20
0000373309	FUNDACJA ''GŁOSEM ZWIERZĄT''	584.70
0000163366	STOWARZYSZENIE ''ZIEMIA BOLESŁAWIECKA''	573.20
0000113420	ŚWIATOWY ZWIĄZEK ŻOŁNIERZY ARMII KRAJOWEJ	568.80
0000128039	FUNDACJA HOSPICJUM ONKOLOGICZNE ŚWIĘTEGO KRZYSZTOFA W WARSZAWIE	564.30
0000052038	FUNDACJA NA RZECZ OFIAR WYPADKÓW KOMUNIKACYJNYCH I BEZPIECZEŃSTWA W RUCHU DROGOWYM ''ZIELONY LIŚĆ''	561.80
0000069136	FUNDACJA ROZWOJU KARDIOCHIRURGII IM. PROFESORA ZBIGNIEWA RELIGI	559.30
0000017257	FUNDACJA ŚW.FRANCISZKA''POMÓŻ ZWIERZĘTOM-NASZYM MAŁYM BRACIOM''	542.10
0000216091	POLSKIE STOWARZYSZENIE MIŁOŚNIKÓW KOLEI	533.40
0000141267	ZWIĄZEK ŻOŁNIERZY WOJSKA POLSKIEGO	527.40
0000066678	STOWARZYSZENIE CENTRUM WSPOMAGANIA I REHABILITACJI OSÓB NIEPEŁNOSPRAWNYCH ''BRATEK''	524.90
0000114345	TOWARZYSTWO PRZYJACIÓŁ DZIECI	524.60
0000161803	NARODOWY FUNDUSZ OCHRONY ZDROWIA KOMITET ODDZIAŁU W PŁOCKU	523.10
0000183081	STOWARZYSZENIE NA RZECZ DZIECI NIEPEŁNOSPRAWNYCH ''DARY LOSU'' PRZY SPECJALNYM OŚRODKU SZKOLNO-WYCHOWAWCZYM W SIERADZU	522.00
0000006159	STOWARZYSZENIE ROZWOJU JUSTYNOWA I JANÓWKI	512.20
0000131582	TOWARZYSTWO OPIEKI NAD ZABYTKAMI	509.00
0000223475	FUNDACJA IM. JOANNY BEDNARCZYK	508.50
0000044710	KRAJOWY FUNDUSZ NA RZECZ DZIECI	507.30
0000165424	PRACOWNIA ALTERNATYWNEGO WYCHOWANIA	504.30
0000113391	GRUPA ODROLNIKA	503.30
0000448963	STOWARZYSZENIE POMOCNIKÓW MARIAŃSKICH PRZY PROWINCJI POLSKIEJ ZGROMADZENIA KSIĘŻY MARIANÓW POD WEZWANIEM NIEPOKALANEGO POCZĘCIA NAJŚWIĘTSZEJ MARYI PANNY	501.50
0000237407	STOWARZYSZENIE NA RZECZ INTEGRACJI SPOŁECZNEJ OSÓB NIEDOSŁYSZĄCYCH ACUSTIC	499.20
0000020382	STOWARZYSZENIE ''SURSUM CORDA''	498.00
0000029825	CHOJEŃSKI KLUB SPORTOWY	489.60
0000329962	''KARUNA - LUDZIE DLA ZWIERZĄT''	487.50
0000339666	ŁÓDZKI KLUB PIŁKARSKI ''KOLEJARZ''	487.20
0000084336	FUNDACJA WSPIERAJĄCA PRAWIDŁOWY ROZWÓJ DZIECI I MŁODZIEŻY ROŚNIJ ZDROWO	485.90
0000204426	FUNDACJA DZIECI NICZYJE	480.50
0000352168	POLSKIE TOWARZYSTWO PROFILAKTYKI PRZEWLEKŁYCH CHORÓB PRZEWODU POKARMOWEGO ''ABDOMINEK''	475.00
0000071941	STOWARZYSZENIE WSPIERANIA ROZWOJU DZIECI I MŁODZIEŻY	474.20
0000098139	FUNDACJA - ''SCHRONISKO DLA BEZDOMNYCH ZWIERZĄT W JÓZEFOWIE''	473.10
0000100740	POLSKIE TOWARZYSTWO HISTORYCZNE	469.70
0000038254	FUNDACJA ''DOM NADZIEI''	467.70
0000120960	STOWARZYSZENIE PRACOWNIA NA RZECZ WSZYSTKICH ISTOT	447.90
0000111209	KAMPANIA PRZECIW HOMOFOBII	444.10
0000169865	ZWIĄZEK LUBUSKICH ORGANIZACJI POZARZĄDOWYCH	440.60
0000288972	BOKSERY W POTRZEBIE	440.60
0000051793	STOWARZYSZENIE RODZIN I PRZYJACIÓŁ OSÓB NIEPEŁNOSPRAWNYCH W PRASZCE	437.90
0000347949	FUNDACJA ''WSPÓLNYM KROKIEM''	434.70
0000322830	ANIMALS TOWARZYSTWO POMOCY ZWIERZĘTOM	434.30
0000219230	FUNDACJA ŚLĄSKIEGO CENTRUM CHORÓB SERCA	432.90
0000288575	POLSKIE TOWARZYSTWO OSÓB NIEPEŁNOSPRAWNYCH	431.10
0000137276	POLSKIE TOWARZYSTWO STWARDNIENIA ROZSIANEGO - ODDZIAŁ WIELKOPOLSKA	430.50
0000334359	STOWARZYSZENIE PSYCHOEDUKACYJNO - PRZYRODNICZE M.O.S.T.	428.00
0000349261	STOWARZYSZENIE ''PROMETEUSZ'' SIEDLCE - ZAPALMY PROMYK NADZIEI. KLUB SPORTOWY ''PROMETEUSZ''	427.70
0000276006	FUNDACJA ''ABY ŻYĆ''	427.40
0000093656	LIGA KOBIET POLSKICH - ŁÓDZKI ODDZIAŁ WOJEWÓDZKI W ŁODZI	427.00
0000244990	FUNDACJA ''OSTATNIA SZANSA''	426.30
0000126958	POLSKIE STOWARZYSZENIE CHOROBY HUNTINGTONA	424.50
0000089541	STOWARZYSZENIE POMOCY OSOBOM NIEPEŁNOSPRAWNYM ''BEZ BARIER''	421.80
0000109111	POLSKIE TOWARZYSTWO KRYMINALISTYCZNE	417.00
0000077381	FUNDACJA ROZWOJU SZKOŁY FILMOWEJ W ŁODZI	414.50
0000386070	FUNDACJA WITKACEGO	414.20
0000215302	STOWARZYSZENIE OPIEKI HOSPICYJNEJ ZIEMI SIERADZKIEJ	410.20
0000208285	FUNDACJA ''POMAGAMY DZIECIAKOM ZIEMI ŁÓDZKIEJ''	408.30
0000260224	FUNDACJA BGŻ	407.20
0000150990	FUNDACJA OCHRONY PRAW DZIECKA ''ANGEL''	402.20
0000218628	POLSKIE STOWARZYSZENIE DIABETYKÓW ZARZĄD MIEJSKI W ŁODZI	402.10
0000366448	''ŚLĄSKIE CENTRUM HEMATOLOGII I TRANSPLANTACJI SZPIKU''	400.50
0000170673	FUNDACJA IM. TOMASZA JAKUBA MICHALSKIEGO	395.10
0000174693	STOWARZYSZENIE POMOCY CHORYM NA ASTMĘ I CHOROBY ALERGICZNE	393.00
0000464354	TOWARZYSTWO GIMNASTYCZNE ''SOKÓŁ''	391.60
0000083782	FUNDACJA GODNE ŻYCIE	390.70
0000123750	FUNDACJA UNIWERSYTECKIEGO SZPITALA DZIECIĘCEGO W KRAKOWIE - O ZDROWIE DZIECKA	384.90
0000289603	''PIANO FORTE'' STOWARZYSZENIE PRZYJACIÓŁ PAŃSTWOWEJ SZKOŁY MUZYCZNEJ I ST. IM. ALEKSANDRA TANSMANA W ŁODZI	384.50
0000196596	STOWARZYSZENIE ''OGNISKO MIŁOŚCI''	384.40
0000013305	ŁÓDZKI SZKOLNY ZWIĄZEK SPORTOWY	382.90
0000125605	FUNDACJA TYGODNIKA POWSZECHNEGO	380.50
0000172537	FUNDACJA ''OBUDŹMY NADZIEJĘ''	379.30
0000070237	STOWARZYSZENIE ''KOMITET DZIECKA''	376.30
0000088401	POLSKI ZWIĄZEK KRÓTKOFALOWCÓW	375.30
0000263522	FUNDACJA ALBATROS	373.90
0000079660	FUNDACJA POMOCY DZIECIOM Z CHOROBĄ NOWOTWOROWĄ	372.70
0000319975	FUNDACJA OGRÓD SERCA	367.70
0000248335	''FUNDACJA DLA ZWIERZĄT ANIMALIA''	367.10
0000205843	MIĘDZYSZKOLNY UCZNIOWSKI KLUB SPORTOWY ''MARCINKI KĘPNO''	366.30
0000300810	FUNDACJA SPEM DONARE	364.80
0000209533	STOWARZYSZENIE ''WSPÓLNE PODWÓRKO''	363.80
0000336442	''FUNDACJA DOMOWE HOSPICJUM DZIECIĘCE PROMYCZEK''	358.80
0000297411	FUNDACJA NA RZECZ DZIECI Z PRZEPUKLINĄ OPONOWO-RDZENIOWĄ I INNYMI WADAMI ROZWOJOWYMI ''SPINA''	358.40
0000283966	FUNDACJA WSPIERANIA RATOWNICTWA GÓRSKIEGO, SPORTU ORAZ DZIAŁALNOŚCI CHARYTATYWNEJ RADAN	358.00
0000318557	STOWARZYSZENIE MAKUL	357.80
0000083322	STOWARZYSZENIE ''WIGILIA DLA SAMOTNYCH I BEZDOMNYCH''	354.90
0000188668	FUNDACJA CENTRUM PRAW KOBIET	350.20
0000140676	STOWARZYSZENIE NA RZECZ OSÓB NIEPEŁNOSPRAWNYCH W ZDUŃSKIEJ WOLI	349.80
0000289594	STOWARZYSZENIE FIORE	349.70
0000150773	FUNDACJA ''RODZIĆ PO LUDZKU''	347.50
0000316786	DOM POMOCY SPOŁECZNEJ DLA OSÓB PRZEWLEKLE PSYCHICZNIE CHORYCH PROWADZONY PRZEZ ZG. SS BOROMEUSZEK	347.10
0000174905	POLSKA FUNDACJA POMOCY DZIECIOM NIEDOSŁYSZĄCYM ''ECHO''	344.90
0000113872	FUNDACJA PRZYJACIÓŁ DZIECI ''ARIADNA''	344.10
0000276415	STOWARZYSZENIE OSÓB Z NTM ''UROCONTI''	343.10
0000206719	''PODWÓJNY UŚMIECH''. STOWARZYSZENIE NA RZECZ BLIŹNIĄT.	338.70
0000215438	FUNDACJA S.O.S. OBRONY POCZĘTEGO ŻYCIA	336.50
0000162757	POLSKIE STOWARZYSZENIE NA RZECZ OSÓB Z UPOŚLEDZENIEM UMYSŁOWYM	335.90
0000260678	TOWARZYSTWO AKTYWIZACJI MUZYCZNO-TEATRALNEJ OSÓB NIEPEŁNOSPRAWNYCH	330.80
0000132216	STOWARZYSZENIE NAUKOWE COLLEGIUM INVISIBILE	328.90
0000040564	FUNDACJA POMOC LEŚNIKOM W KROŚNIE	325.70
0000061032	MIĘDZYSZKOLNY KLUB SPORTOWY-AXEL	324.10
0000276685	FUNDACJA ''STACYJKA MALTUSIA''	323.50
0000043917	POLSKIE TOWARZYSTWO AKUPUNKTURY	322.90
0000035780	FUNDACJA ''MIELNICA''	321.90
0000279330	STOWARZYSZENIE MEIJIN	319.80
0000242845	FUNDACJA ''WYGRAJMY ZDROWIE'' IM. PROF. GRZEGORZA MADEJA	319.70
0000098734	FUNDACJA AZYLU POD PSIM ANIOŁEM	317.10
0000287982	FUNDACJA ''WROCŁAWSKIE HOSPICJUM DLA DZIECI''	315.60
0000017606	25 SAMODZIELNE KOŁO TERENOWE SPOŁECZNEGO TOWARZYSTWA OŚWIATOWEGO	314.40
0000234513	FUNDACJA ZACHODNIOPOMORSKIE HOSPICJUM DLA DZIECI I DOROSŁYCH	314.00
0000020975	FUNDACJA POMOCY CHORYM NA ZANIK MIĘŚNI	313.90
0000115547	POLSKIE TOWARZYSTWO TATRZAŃSKIE	309.80
0000234740	FUNDACJA DOBRZE ŻE JESTEŚ	307.70
0000331920	INSTYTUT HISTORYCZNY NN IM.ANDRZEJA OSTOJA OWSIANEGO	307.60
0000131602	POLSKIE TOWARZYSTWO PROFILAKTYKI CHORÓB NOWOTWOROWYCH PRZEWODU POKARMOWEGO	305.90
0000230841	STOWARZYSZENIE LUDOWY ZESPÓŁ SPORTOWY W JUSTYNOWIE	302.90
0000167578	FUNDACJA JOLANTY KWAŚNIEWSKIEJ ''POROZUMIENIE BEZ BARIER''	302.60
0000236688	SANDOMIERSKIE STOWARZYSZENIE PRZYJACIÓŁ ZWIERZĄT	299.20
0000162301	STOWARZYSZENIE AMAZONEK ''STOKROTKA''	298.20
0000003847	STOWARZYSZENIE ''MAMY WIELKIE SERCA''	295.40
0000033301	FUNDACJA ELBLĄG - FUNDUSZ LOKALNY REGIONU ELBLĄSKIEGO	293.80
0000160750	STOWARZYSZENIE ''MALI BRACIA UBOGICH''	293.70
0000214029	FUNDACJA NATURALNEJ PRZYJAŹNI ''PSIE SERCE''	293.30
0000158391	STOWARZYSZENIE KOMBATANTÓW MISJI POKOJOWYCH ORGANIZACJI NARODÓW ZJEDNOCZONYCH	292.40
0000134349	STOWARZYSZENIE ''STUDIO INTEGRACJI''	289.50
0000154720	''INTERNATIONAL POLICE ASSOCIATION'' (MIĘDZYNARODOWE STOWARZYSZENIE POLICJI) - SEKCJA POLSKA	288.10
0000054824	TOWARZYSTWO RODZIN I PRZYJACIÓŁ DZIECI UZALEŻNIONYCH ''POWRÓT Z U''	287.80
0000109895	TOWARZYSTWO POMOCY GŁUCHONIEWIDOMYM	287.60
0000248401	POLSKIE STOWARZYSZENIE SPORTU PO TRANSPLANTACJI	284.80
0000026380	LUBELSKIE TOWARZYSTWO PRZYJACIÓŁ CHORYCH ''HOSPICJUM DOBREGO SAMARYTANINA''	284.10
0000267919	FUNDACJA KS. CZESŁAWA WALI WYPRZEDZIĆ SWÓJ CZAS	284.10
0000034996	POWIŚLAŃSKA FUNDACJA SPOŁECZNA	283.80
0000212400	LIMANOWSKA AKCJA CHARYTATYWNA	281.60
0000289538	FUNDACJA DR LUCY	281.40
0000133671	FUNDACJA MARKA KAMIŃSKIEGO	280.60
0000073376	''PRZYWRÓCIĆ DZIECIŃSTWO'' TOWARZYSTWO PRZYJACIÓŁ DZIECI ULICY IM. KAZIMIERZA LISIECKIEGO ''DZIADKA''	279.10
0000260966	STOWARZYSZENIE NA RZECZ OSÓB NIEPEŁNOSPRAWNYCH ''NASZ OŚRODEK''	278.70
0000106814	FUNDACJA IM. KSIĘCIA KONSTANTEGO OSTROGSKIEGO	275.70
0000226818	CARITAS DIECEZJI ZIELONOGÓRSKO-GORZOWSKIEJ	275.60
0000121930	FUNDACJA ''WSZYSTKO DLA DZIECI''	274.50
0000298436	FUNDACJA NA RZECZ WSPIERANIA RODZINY ORAZ DZIECI I MŁODZIEŻY ''FUNDACJA Z UŚMIECHEM''	274.20
0000212154	STOWARZYSZENIE INICJATYWA ROZSĄDNYCH POLAKÓW	272.90
0000225443	FUNDACJA NA RZECZ DZIECI Z CHOROBĄ NOWOTWOROWĄ WYSPY SZCZĘŚLIWE	271.90
0000044704	KRAKOWSKIE TOWARZYSTWO OPIEKI NAD ZWIERZĘTAMI	270.70
0000069581	TOWARZYSTWO POMOCY IM. ŚW. BRATA ALBERTA	266.20
0000126459	FUNDACJA ITAKA - CENTRUM POSZUKIWAŃ LUDZI ZAGINIONYCH	265.60
0000006158	STOWARZYSZENIE PRZYJACIÓŁ HARCERSKIEGO ZESPOŁU ARTYSTYCZNEGO ''KRAJKI''	253.10
0000224650	UCZNIOWSKI KLUB SPORTOWY PRZY ZESPOLE SZKÓŁ MISTRZOSTWA SPORTOWEGO W ZAKOPANEM	252.50
0000214806	FUNDACJA ''KAIROS''	251.20
0000183154	STOWARZYSZENIE AKTYWNOŚCI OBYWATELSKIEJ BONA FIDES	250.90
0000260697	DIAKONIA KOŚCIOŁA EWANGELICKO-AUGSBURSKIEGO W RZECZYPOSPOLITEJ POLSKIEJ	250.70
0000257416	STOWARZYSZENIE KAMELEON	250.60
0000270272	FUNDACJA POMOCY OSOBOM NIEPEŁNOSPRAWNYM ''RATOWNIK GÓRNICZY''	249.60
0000172690	FUNDACJA ARCHIDIECEZJI WARSZAWSKIEJ POMOCY BEZROBOTNYM I BIEDNYM ''NADZIEJA''	247.50
0000163157	FUNDACJA EKOLOGICZNA - WYCHOWANIE I SZTUKA ''ELEMENTARZ''	247.10
0000036602	ŁÓDZKI ZWIĄZEK INWALIDÓW NARZĄDU RUCHU	244.20
0000048149	TOWARZYSTWO PRZYJACIÓŁ CHORYCH ''HOSPICJUM IM. ŚW. ŁAZARZA''	234.90
0000250362	ALBA JULIA - STOWARZYSZENIE PACJENTÓW Z CHOROBĄ RECKLINGHAUSENA I INNYMI SCHORZENIAMI Z GRUPY FAKOMATOZ	234.60
0000219753	POLSKI ZWIĄZEK BRYDŻA SPORTOWEGO	234.50
0000169422	POLSKIE STOWARZYSZENIE CHORYCH NA HEMOFILIĘ	231.30
0000218246	STACJA OPIEKI ŚRODOWISKOWEJ KONWENTU BONIFRATRÓW W ŁODZI	230.30
0000016750	KRAJOWE TOWARZYSTWO AUTYZMU-ODDZIAŁ W KIELCACH	229.40
0000047638	FUNDACJA URSZULI SMOK ''PODARUJ ŻYCIE'' OŚRODEK POMOCY OSOBOM Z CHOROBAMI KRWI I NOWOTWORAMI	228.50
0000004522	LUBELSKIE HOSPICJUM DLA DZIECI IM. MAŁEGO KSIĘCIA	225.70
0000350393	FUNDACJA ''JESTEŚMY BLISKO''	223.60
0000286932	POLSKA FUNDACJA WSPIERANIA CHORYCH NA FENYLOKETONURIĘ, MUKOWISCYDOZĘ I INNE CHOROBY METABOLICZNE JAŚ I MAŁGOSIA	223.50
0000050483	MIĘDZYNARODOWE CENTRUM SPOTKAŃ I REHABILITACJI MŁODZIEŻY - FUNDACJA MIKI-CENTRUM	221.90
0000207658	CARITAS ARCHIDIECEZJI KRAKOWSKIEJ	221.70
0000086466	FUNDACJA ULICY PIOTRKOWSKIEJ	220.40
0000007685	FUNDACJA DOM RODZINNEJ REHABILITACJI DZIECI Z PORAŻENIEM MÓZGOWYM	220.00
0000288520	FUNDACJA ''POMÓŻ IM'' NA RZECZ DZIECI Z CHOROBAMI NOWOTWOROWYMI I HOSPICJUM DLA DZIECI	218.50
0000226783	CARITAS ARCHIDIECEZJI CZĘSTOCHOWSKIEJ	216.90
0000025801	''STOWARZYSZENIE INWESTORÓW INDYWIDUALNYCH''	216.20
0000048117	STOWARZYSZENIE ASLAN	215.60
0000243491	FUNDACJA NA RZECZ ROZWOJU ŁÓDZKIEJ GINEKOLOGII	215.30
0000076477	SALEZJAŃSKI WOLONTARIAT MISYJNY - MŁODZI ŚWIATU	214.40
0000217559	FUNDACJA ''JAGNIĄTKÓW''	212.40
0000163664	''TOWARZYSTWO MIŁOŚNIKÓW KROSNOWIC''	211.50
0000289411	FUNDACJA ''WSZYSCY RAZEM'' IM. ŚW. JANA DE LA SALLE	211.20
0000012533	RZESZOWSKIE STOWARZYSZENIE OCHRONY ZWIERZĄT W RZESZOWIE	211.20
0000245554	''INSTYTUT INICJATYW POZARZĄDOWYCH''	208.10
0000292425	FUNDACJA BULLERBYN NA RZECZ WSPÓLNOTY DZIECI I DOROSŁYCH	205.80
0000300964	FUNDACJA NA RZECZ DZIECI NIEPEŁNOSPRAWNYCH - TRATWA	201.80
0000146448	STOWARZYSZENIE NA RZECZ ROZWOJU PSYCHIATRII I OPIEKI ŚRODOWISKOWEJ	201.40
0000253907	FUNDACJA IM. BOLESŁAWA CHROBREGO	201.30
0000076480	FUNDACJA ROZWOJU SZPITALA MIEJSKIEGO IM. DR JÓZEFA DIETLA W KRYNICY	200.00
0000151978	FUNDACJA ''PRZECIWKO LEUKEMII''	199.90
0000068136	FUNDACJA ''RODZINA NADZIEI''	197.80
0000133538	STOWARZYSZENIE NA RZECZ LECZENIA NIEPŁODNOŚCI I WSPIERANIA ADOPCJI NASZ BOCIAN	197.60
0000317005	FUNDACJA CENTRUM LECZENIA SZPICZAKA	196.90
0000185565	STOWARZYSZENIE RODZIN I PRZYJACIÓŁ OSÓB MNIEJSZYCH SZANS ''WIĘŹ'' W SZCZECINIE	196.60
0000172091	STOWARZYSZENIE LUDZI NIEPEŁNOSPRAWNYCH, ICH RODZIN I OPIEKUNÓW ''NIEPEŁNOSPRAWNI-SPRAWNI''	196.10
0000204972	ZWIĄZEK TATARÓW RZECZYPOSPOLITEJ POLSKIEJ	195.00
0000092389	STOWARZYSZENIE POMOCY ''RUBIEŻ''	194.30
0000149337	FUNDACJA AKTYWNOŚCI TWÓRCZEJ DZIECI I MŁODZIEŻY ''PRO MUZA''	193.10
0000268931	FUNDACJA ''BREAD OF LIFE''	193.00
0000000168	PODLASKIE STOWARZYSZENIE POMOCY DZIECIOM Z PORAŻENIEM MÓZGOWYM ''JASNY CEL''	192.60
0000052291	FUNDACJA PRZECIWDZIAŁANIA UZALEŻNIENIOM ''DOMINIK''	192.40
0000273781	POLSKIE STOWARZYSZENIE OSÓB Z CELIAKIĄ I NA DIECIE BEZGLUTENOWEJ	188.00
0000164082	ERNST & YOUNG FUNDACJA	187.40
0000212280	SIERPECKIE STOWARZYSZENIE OSÓB NIEPEŁNOSPRAWNYCH I CHORYCH NA RAKA ''SZANSA NA ŻYCIE''	186.50
0000196003	STOWARZYSZENIE POMOCY DZIECIOM I DOROSŁYM Z NIEPEŁNOSPRAWNOŚCIĄ INTELEKTUALNĄ - OLIGO	185.00
0000320529	FUNDACJA IM. OJCA WERENFRIEDA	184.30
0000163719	ŁÓDZKIE STOWARZYSZENIE KULTURY FIZYCZNEJ, SPORTU, TURYSTYKI I REKREACJI	182.80
0000347294	FUNDACJA RZECZNIK PRAW RODZICÓW	181.70
0000140007	OBYWATELSKA FUNDACJA POMOCY DZIECIOM W WARSZAWIE	181.20
0000080992	STOWARZYSZENIE LOKALNEJ SALEZJAŃSKIEJ ORGANIZACJI SPORTOWEJ PRZY ZESPOLE SZKÓŁ SALEZJAŃSKICH IM. KS. BOSKO W ŁODZI, UL. WODNA 34, ZWANEJ S.L. ''SALOS-WODNA''	178.70
0000251770	POLSKA FUNDACJA POMOCY DZIECIOM ''MACIUŚ''	178.20
0000293853	STOWARZYSZENIE PRZY PARAFII ŚW. DOROTY - NADZIEJA	178.10
0000227841	POMORSKA FUNDACJA NA RZECZ DZIECI POKRZYWDZONYCH PRZEZ LOS ''SERCE DZIECIOM''	177.00
0000263986	STOWARZYSZENIE OSÓB NIEPEŁNOSPRAWNYCH ''COLLEGIUM COEXISTERE''	175.50
0000025247	STOWARZYSZENIE HOSPICYJNO-PALIATYWNE ''HOSPICJUM PŁOCKIE'' POD WEZW. ŚW. URSZULI LEDÓCHOWSKIEJ	175.20
0000149030	FUNDACJA IMIENIA DOKTOR MAGDALENY BARTOS	174.70
0000348331	STOWARZYSZENIE ''PRZYSTAŃ'' SCHRONISKO DLA BEZDOMNYCH IM. ŚW. BRATA ALBERTA	173.50
0000187206	STOWARZYSZENIE EDUKACYJNE INTEGRACJA	173.40
0000033959	TERENOWY KOMITET OCHRONY PRAW DZIECKA	172.60
0000222366	STOWARZYSZENIE GIER POPULARNYCH ''WARMIA''	171.40
0000042049	POLSKI ZWIĄZEK NIEWIDOMYCH	171.20
0000323481	FUNDACJA ''N.S.J.-RODZINA''	170.30
0000315823	FUNDACJA IRASIAD - ZAGUBIONYM	170.30
0000221146	FUNDACJA ''OTWARTYCH SERC'' IM. BOGUSŁAWY NYKIEL OSTROWSKIEJ	170.00
0000166422	STOWARZYSZENIE EXPATRIA	169.60
0000249430	STOWARZYSZENIE NA RZECZ ROZWOJU KARDIOLOGII PRENATALNEJ	169.60
0000402708	ZAKOPIAŃSKIE TOWARZYSTWO OPIEKI NAD ZWIERZĘTAMI	169.40
0000119130	STOWARZYSZENIE PRZYJACIÓŁ SPOTKAŃ MAŁŻEŃSKICH	168.80
0000142523	STOWARZYSZENIE HOSPICJUM KUTNOWSKIE	168.50
0000274681	CARITAS DIECEZJI BYDGOSKIEJ	168.10
0000172918	FUNDACJA CENTRUM DOKUMENTACJI I STUDIÓW PODATKOWYCH	167.60
0000303501	STOWARZYSZENIE OPIEKI NAD MŁODZIEŻĄ I DZIEĆMI NIEPEŁNOSPRAWNYMI ''PROMYCZEK''	166.70
0000137415	CZĘSTOCHOWSKIE STOWARZYSZENIE OPIEKI PALIATYWNEJ DLA DZIECI I DOROSŁYCH ''DAR SERCA''	165.80
0000045919	FUNDACJA SYNAPSIS	165.70
0000102287	POLSKIE TOWARZYSTWO CHEMICZNE	165.50
0000306067	FUNDACJA FILMOWA SE-MA-FOR	162.70
0000152376	''TEEN CHALLENGE'' CHRZEŚCIJAŃSKA MISJA SPOŁECZNA	162.50
0000338318	FUNDACJA POMOCY LABRADOROM PRIMA	161.10
0000135261	FUNDACJA TOWARZYSTWO PRZYJACIÓŁ CENTRUM ZDROWIA DZIECKA	161.10
0000352733	''ONKOLUDKI'' STOWARZYSZENIE RODZIN DZIECI Z CHOROBĄ NOWOTWOROWĄ	160.90
0000207446	KIWANIS INTERNATIONAL KLUB CZAPLINEK	159.00
0000268115	FUNDACJA ''RODZICE SZKOLE''	158.10
0000119146	FUNDACJA OŚRODKA KARTA	158.10
0000208100	LUDOWY KLUB SPORTOWY ''RÓŻYCA''	157.40
0000062869	STOWARZYSZENIE ''TEATR KANA'' UNIWERSYTETU SZCZECIŃSKIEGO	157.20
0000075284	FEDERACJA KONSUMENTÓW	156.70
0000138202	TACY SAMI	156.60
0000203456	FUNDACJA POMÓŻ DOROSNĄĆ	156.20
0000336505	STOWARZYSZENIE ''AMMA - POLSKA''	155.70
0000286875	''STOWARZYSZENIE ŻYDOWSKIE MAGEN DAWID''	154.90
0000134684	TOWARZYSTWO PRZYJACIÓŁ DZIECI ZARZĄD MAZOWIECKIEGO ODDZIAŁU WOJEWÓDZKIEGO	154.60
0000326130	''POLSKA FUNDACJA PROMOCJI KULTURY MUZYCZNEJ''	154.20
0000037374	ŚLĄSKI KLUB FANTASTYKI W KATOWICACH	153.20
0000122949	STOWARZYSZENIE MIŁOŚNIKÓW MOTORYZACJI -R46	151.90
0000038479	FUNDACJA ''ZWIERZĘTA EULALII''	150.80
0000095062	FUNDACJA SZTUKI OSÓB NIEPEŁNOSPRAWNYCH	145.10
0000294020	FUNDACJA ARKA BYDGOSZCZ	144.70
0000264687	FUNDACJA POMOC SZKOLE	143.80
0000206182	OCHOTNICZA STRAŻ POŻARNA W LEŚNOGÓRZE	142.90
0000345980	FUNDACJA NADZIEJA II IM.STEFANII ZAORSKIEJ	142.70
0000058413	FUNDACJA SZKOŁA PRAKTYCZNA IM. ŻDANY ŁUKAWIECKIEJ-LASSOTA I BRONISŁAWA PISKOZUBA	142.00
0000006873	STOWARZYSZENIE ''OSTROWIANIE DZIECIOM SPECJALNEJ TROSKI''	140.80
0000232011	FUNDACJA NA RZECZ DZIECI I MŁODZIEŻY NIEPEŁNOSPRAWNEJ ''KRZYŚ''	140.70
0000383946	FUNDACJA PRO SANATIO	140.00
0000185346	HOSPICJUM KRÓLOWEJ APOSTOŁÓW	139.80
0000239089	SPOŁECZNY FUNDUSZ STYPENDIALNY	136.40
0000101360	STOWARZYSZENIE ''TACY SAMI''	136.20
0000068484	STOWARZYSZENIE ''AMICUS''	136.20
0000288087	ŻOLIBORSKIE STOWARZYSZENIE ''DOM RODZINA CZŁOWIEK''	136.20
0000041907	OCHOTNICZA STRAŻ POŻARNA-KONSTANTYNÓW W KONSTANTYNOWIE ŁÓDZKIM	134.90
0000197078	STOWARZYSZENIE IM.O.PIO W RADOMIU	134.50
0000027904	TOWARZYSTWO MIŁOŚNIKÓW RAJGRODU	133.80
0000064561	FUNDACJA PRACOWNICZA PRO - EKO	133.70
0000111239	WARSZAWSKI ZWIĄZEK BRYDŻA SPORTOWEGO	133.60
0000090027	OGÓLNOPOLSKIE STOWARZYSZENIE OSÓB W WIEKU PRZEDEMERYTALNYM	132.20
0000402779	POLSKIE STOWARZYSZENIE NA RZECZ OSÓB Z UPOŚLEDZENIEM UMYSŁOWYM, KOŁO W KONSTANTYNOWIE ŁÓDZKIM	129.10
0000210992	''JELENIOGÓRSKIE STOWARZYSZENIE RODZIN I PRZYJACIÓŁ DZIECI Z ZESPOŁEM DOWNA''	129.10
0000331638	STOWARZYSZENIE RODZICÓW DZIECI CHORYCH ''TO MA SENS''	128.20
0000028676	FUNDACJA POMOCY OSOBOM NIEPEŁNOSPRAWNYM	128.20
0000244285	UCZNIOWSKI KLUB SPORTOWY ''ANTONINEK'' PRZY SZKOLE PODSTAWOWEJ NR 87	126.90
0000339440	''POMAGAMY Z UŚMIECHEM''	126.20
0000176973	ZDUŃSKOWOLSKIE STOWARZYSZENIE OPIEKI HOSPICYJNEJ ''POMOCNA DŁOŃ''	126.00
0000156150	POLSKIE TOWARZYSTWO STWARDNIENIA ROZSIANEGO ODDZIAŁ GNIEŹNIEŃSKI	125.50
0000019992	STOWARZYSZENIE NA RZECZ OSÓB NIEPEŁNOSPRAWNYCH POWIATU IŁAWSKIEGO ''PROMYK''	125.10
0000213302	''DEBIUT - FUNDACJA MŁODEGO KINA''	124.70
0000087707	KATOLICKIE STOWARZYSZENIE CHARYTATYWNE ''BETEL''	123.30
0000174438	STOWARZYSZENIE POMOCY SPOŁECZNEJ ''OTWARTE DRZWI''	123.10
0000006767	FUNDACJA ''ENERGETYK''	122.90
0000222993	CARITAS DIECEZJI SOSNOWIECKIEJ	122.90
0000094228	FUNDACJA SZCZĘŚLIWE DZIECIŃSTWO	122.40
0000113200	FUNDACJA DZIECI WRZESIŃSKICH	122.10
0000287679	SOLIDARNI ZIEMI PUŁAWSKIEJ	122.00
0000052078	STOWARZYSZENIE POMOCY SZKOLE MAŁOPOLSKA	121.90
0000269884	ŚLĄSKIE STOWARZYSZENIE CHORYCH NA SM SEZAM	121.50
0000120807	FUNDACJA BANKU ZACHODNIEGO WBK S.A.	121.10
0000244396	POLSKIE STOWARZYSZENIE POMOCY CHORYM NA FENYLOKETONURIĘ I CHOROBY RZADKIE ''ARS VIVENDI'', SKRÓCONA NAZWA ''ARS VIVENDI''	119.50
0000146712	''FUNDACJA ZDROWE DZIECKO''	118.40
0000188718	STOWARZYSZENIE ''CZUJĘ SERCEM''	118.10
0000039250	STOWARZYSZENIE RODZIN KATOLICKICH DIECEZJI TARNOWSKIEJ	117.00
0000124837	STOWARZYSZENIE POMOCY CHORYM DZIECIOM LIVER	116.80
0000023710	''DAJ SZANSĘ'' FUNDACJA NA RZECZ ROZWOJU DZIECI NIEPEŁNOSPRAWNYCH	115.30
0000241505	STOWARZYSZENIE PACJENTÓW I OSÓB WSPIERAJĄCYCH CHORYCH NA GUZY NEUROENDOKRYNNE Z SIEDZIBĄ W WARSZWIE	115.00
0000168645	STOWARZYSZENIE ''HOSPICJUM ZIEMI KLUCZBORSKIEJ ŚW. OJCA PIO''	114.60
0000117587	FUNDACJA POMOCY DZIECIOM IM.STANISŁAWY BIEŃCZAK	114.30
0000164555	FUNDACJA EDUKACJI I WSPIERANIA RODZINY BRAMA	113.70
0000114542	STOWARZYSZENIE POMOCY POLAKOM NA WSCHODZIE KRESY	112.80
0000208927	FUNDACJA ''PROMYK NADZIEI''	112.80
0000010905	KLUB INTELIGENCJI KATOLICKIEJ W BIELSKU-BIAŁEJ	112.20
0000341427	''FUNDACJA DWA PLUS CZTERY''	112.20
0000060775	FUNDACJA FUNDUSZ OBRONY NARODOWEJ	111.50
0000350820	''FUNDACJA JEDEN DRUGIEMU''	110.60
0000213131	FUNDACJA POMOCY EDUKACYJNO-TERAPEUTYCZNEJ DLA NIEPEŁNOSPRAWNYCH SCOLAR	110.40
0000076410	KLUB SYMPATYKÓW KOLEI	110.30
0000125379	FUNDACJA ''TELONARIUS''	109.40
0000058946	STOWARZYSZENIE CHÓR CHŁOPIĘCY BAZYLIKI MATKI BOSKIEJ BOLESNEJ W LIMANOWEJ	109.10
0000344879	''FUNDACJA JAK PIES Z KOTEM''	108.10
0000296652	FUNDACJA POMORSKIE HOSPICJUM DLA DZIECI	108.00
0000030577	POLSKIE TOWARZYSTWO TECHNOLOGÓW ŻYWNOŚCI	107.50
0000258929	STOWARZYSZENIE POMOCY OSOBOM GŁUCHONIEMYM I NIEDOSŁYSZĄCYM ''KRZYK CISZY''	107.00
0000237488	STOWARZYSZENIE NA RZECZ WSPIERANIA EDUKACJI DZIECI I MŁODZIEŻY ''OMNIBUS''	106.50
0000317840	FUNDACJA NA RZECZ OCHRONY PRAW ZWIERZĄT ''NERO''	106.40
0000055503	FUNDACJA URSZULI JAWORSKIEJ	106.10
0000239676	FUNDACJA IMIENIA JANA PAWŁA II	106.00
0000145508	FUNDACJA ROZWOJU KARDIOLOGII SKIERNIEWICKIEJ ''SERCE''	106.00
0000219057	STOWARZYSZENIE CHORYCH NA CZERNIAKA	106.00
0000151113	FUNDACJA RODZIN ADOPCYJNYCH	105.70
0000343983	POLSKIE STOWARZYSZENIE NA RZECZ OSÓB Z UPOŚLEDZENIEM UMYSŁOWYM KOŁO W JABŁONCE	105.20
0000034287	TOWARZYSTWO EDUKACYJNE ''WIEDZA POWSZECHNA''	104.40
0000233080	FUNDACJA PRO - PRAWO DO ŻYCIA	104.20
0000239947	STOWARZYSZENIE AMAZONEK W KROŚNIE	104.00
0000060517	STOWARZYSZENIE CHORYCH NA MUKOPOLISACHARYDOZĘ (MPS) I CHOROBY RZADKIE	103.30
0000013198	TOWARZYSTWO CHORYCH NA STWARDNIENIA ROZSIANE	102.80
0000121171	KLUB SPORTOWY ''SPRINT''	102.40
0000019410	STOWARZYSZENIE RODZICÓW I PRZYJACIÓŁ DZIECI I MŁODZIEŻY Z WADĄ SŁUCHU ''USŁYSZEĆ ŚWIAT''	101.90
0000184419	FUNDACJA ŚWIĘTEGO JANA JEROZOLIMSKIEGO	101.50
0000272518	FUNDACJA ''SŁAWEK''	101.50
0000019095	STOWARZYSZENIE ''DAJMY DZIECIOM MIŁOŚĆ''	100.80
0000138787	OGÓLNOPOLSKIE STOWARZYSZENIE POMOCY OSOBOM UZALEŻNIONYM ''NADZIEJA''	100.70
0000145630	TOWARZYSTWO PRZYJACIÓŁ ZIEMI KUTNOWSKIEJ	100.20
0000163908	FUNDACJA ''ANIMALS''	99.50
0000315678	STOWARZYSZENIE SALUTARIS	99.40
0000013532	STOWARZYSZENIE ŚWIĘTEGO FILIPA NEREUSZA Z SIEDZIBĄ W RUDZIE ŚLĄSKIEJ	99.20
0000223111	CARITAS DIECEZJI SIEDLECKIEJ	99.00
0000168783	FUNDACJA DZIECIĘCA FANTAZJA	98.70
0000027259	FEDERACJA STOWARZYSZEŃ ''AMAZONKI''	97.90
0000089770	STOWARZYSZENIE IM. MATKI TERESY Z KALKUTY	97.80
0000162022	STOWARZYSZENIE POLSKA MISJA MEDYCZNA	97.40
0000114184	STOWARZYSZENIE PRZYJACIÓŁ HARCERSTWA	97.10
0000201405	POLSKI ZWIĄZEK FILATELISTÓW	97.00
0000174572	''FUNDACJA INSTYTUT LUDWIGA VON MISESA''	95.70
0000019024	STOWARZYSZENIE POMOCY NIEPEŁNOSPRAWNYM Z MÓZGOWYM PORAŻENIEM DZIECIĘCYM	94.70
0000355061	KLUB SPORTOWY ''ENERGETYK'' ŁÓDŹ	94.50
0000293451	STOWARZYSZENIE ''KARUZELA''	93.90
0000105547	''POGOTOWIE DLA ZWIERZĄT''	93.80
0000144250	CIECHANOWSKIE STOWARZYSZENIE DLA NIEPEŁNOSPRAWNYCH	93.60
0000305952	FUNDACJA ROZWIŃ SKRZYDŁA	92.20
0000199278	FUNDACJA GRUPY ERGO HESTIA NA RZECZ INTEGRACJI ZAWODOWEJ OSÓB NIEPEŁNOSPRAWNYCH INTEGRALIA	90.00
0000006751	SOCJALNA FUNDACJA ŹLE SŁYSZĄCYCH	89.20
0000166097	STOWARZYSZENIE NA RZECZ ROZWOJU ZDOLNOŚCI DZIECI I MŁODZIEŻY IM. A. GOŁĄBA	88.90
0000252666	FUNDACJA KRYSTYNY CIOŁKOSZ ''ZA SZYBĄ''	88.50
0000361073	FUNDACJA POMOCY RODZINOM FUNKCJONARIUSZY I PRACOWNIKÓW UOP I ABW	88.40
0000286522	FUNDACJA ''NA RATUNEK''	88.40
0000364946	''FUNDACJA VENA SPORT''	88.00
0000146124	TERENOWY KOMITET OCHRONY PRAW DZIECKA W POZNANIU	87.30
0000309548	WIELKOPOLSKIE TOWARZYSTWO GENEALOGICZNE ''GNIAZDO''	87.30
0000025002	STOWARZYSZENIE HOSPICJUM OPOLSKIE	86.90
0000230788	FUNDACJA KOT-KOTY OTOCZONE TROSKĄ	86.10
0000347933	STOWARZYSZENIE ''ŻYDOWSKI DOM SENIORA (MOSZAW ZKENIM)''	86.00
0000217554	KATOLICKIE STOWARZYSZENIE ''ŚWIATEŁKO''	85.30
0000292754	STOWARZYSZENIE SPOŁECZNO-KULTURALNO-SPORTOWE AD ASTRA	85.10
0000267547	KOBIETA I NATURA	84.50
0000094358	FUNDACJA MŁODZIEŻOWEJ PRZEDSIĘBIORCZOŚCI	84.00
0000091847	ZWIĄZEK POLSKICH SPADOCHRONIARZY	84.00
0000085533	TOWARZYSTWO PRZYJACIÓŁ ZIEMI ŁOMŻYŃSKIEJ	83.40
0000104137	FUNDACJA TYGODNIKA POLITYKA	83.20
0000291681	HELPFUL HAND	81.60
0000057571	TOWARZYSTWO PRZYJACIÓŁ CHORYCH ''HOSPICJUM''	81.10
0000283761	STOWARZYSZENIE FORMACJI CHRZEŚCIJAŃSKIEJ ''SERCÓWKA''	80.40
0000178499	STOWARZYSZENIE OPIEKI HOSPICYJNEJ POWIATU PABIANICKIEGO	80.30
0000018369	POLSKIE STOWARZYSZENIE  LUDZI CIERPIĄCYCH NA PADACZKĘ	80.20
0000006734	FUNDACJA ''DZIECIĘCE MARZENIA''	80.10
0000127464	TOWARZYSTWO SPORTOWE ''WISŁA'' KRAKÓW	80.00
0000118043	STOWARZYSZENIE WSPIERANIA ONKOLOGII UNICORN	79.80
0000156709	''ATLAS SZTUKI'' SPÓŁKA Z OGRANICZONĄ ODPOWIEDZIALNOŚCIĄ	79.60
0000229114	MIĘDZYSZKOLNY KLUB SPORTOWY ''IKAR'' MIELEC	79.50
0000331212	FUNDACJA DZIECI AFRYKI	78.10
0000285182	''FUNDACJA S.O.S. DLA ZWIERZĄT''	78.10
0000095698	STOWARZYSZENIE RODZICÓW I PRZYJACIÓŁ DZIECI NIEWIDOMYCH I SŁABOWIDZĄCYCH ''TĘCZA''	78.10
0000031654	POLSKIE TOWARZYSTWO OPIEKI PALIATYWNEJ ODDZIAŁ W POZNANIU	77.90
0000192306	STOWARZYSZENIE MIEJSKIE KOŁO TURYSTYKI ROWEROWEJ ''RELAKS''	77.90
0000225996	STOWARZYSZENIE DZIECI, MŁODZIEŻY I OSÓB NIEPEŁNOSPRAWNYCH ''SWIATEŁKO NADZIEI''	77.70
0000005861	STOWARZYSZENIE OŚRODEK WSPIERANIA RODZINY W CHEŁMIE	77.40
0000225719	OCHOTNICZA STRAŻ POŻARNA W ŁAZNOWIE	77.20
0000327951	STOWARZYSZENIE OBLACKA POMOC MISJOM ''LUMEN CARITATIS''	76.70
0000028184	MAŁOPOLSKIE TOWARZYSTWO OŚWIATOWE	76.30
0000043188	STOWARZYSZENIE EMERYTÓW I RENCISTÓW POLICYJNYCH	76.20
0000221294	''LIONS CLUB M2M''	76.10
0000344726	TOWARZYSTWO OPIEKI NAD ZWIERZĘTAMI W POLSCE - ODDZIAŁ W ZABRZU	75.30
0000032645	FUNDACJA AKTYWNEJ REHABILITACJI ''FAR''	75.00
0000229157	FUNDACJA AVE	74.10
0000059803	MOKOTOWSKIE HOSPICJUM ŚWIĘTEGO KRZYŻA	74.00
0000218796	LUDOWY KLUB SPORTOWY ''NER'' W PODDĘBICACH	74.00
0000170358	STOWARZYSZENIE ZASTĘPCZEGO RODZICIELSTWA ODDZIAŁ W ELBLĄGU	73.70
0000224584	FUNDACJA ''SAMARYTANIN''	72.70
0000162633	STOWARZYSZENIE ''PRZYJAZNA SZKOŁA''	71.00
0000229791	STOWARZYSZENIE POMOCNIKÓW ''ORATORIUM IM. ŚW. ANTONIEGO'' W PIOTRKOWIE TRYBUNALSKIM	70.60
0000049807	STOWARZYSZENIE MIŁOŚNIKÓW SPORTOWEGO TAŃCA TOWARZYSKIEGO W KROŚNIE	70.20
0000301135	FUNDACJA FORM.ART	70.00
0000145797	FUNDACJA POMOCY MŁODZIEŻY I DZIECIOM NIEPEŁNOSPRAWNYM ''HEJ, KONIKU!''	70.00
0000146574	POLISH KYOKUSHINKAI TEZUKA GROUP	69.80
0000017256	FUNDACJA POMOCY SAMOTNYM MATKOM	69.70
0000097051	''FUNDACJA ABCXXI - CAŁA POLSKA CZYTA DZIECIOM''	69.50
0000016179	STOWARZYSZENIE RODZIN I PRZYJACIÓŁ OSÓB NIEPEŁNOSPRAWNYCH	69.00
0000072761	TRISO - OPOLSKIE STOWARZYSZENIE NA RZECZ ROZWOJU DZIECI Z TRISOMIĄ 21	68.00
0000115976	FUNDACJA KULTURY POLSKIEJ	68.00
0000324403	FUNDACJA OBUDŹ NADZIEJĘ	67.90
0000022612	FUNDACJA POMOCY DZIECIOM SPECJALNEJ TROSKI, INWALIDOM I EMERYTOM BRANŻY TRANSPORTOWEJ	67.50
0000277390	WIELKOPOLSKIE STOWARZYSZENIE WSPARCIA W ZESPOLE TURNERA	67.50
0000006079	FUNDACJA POMOCY OSOBOM Z AUTYZMEM ''MADA''	66.30
0000086818	LIGA OBRONY KRAJU	66.30
0000004836	STOWARZYSZENIE PROFILAKTYCZNO- WYCHOWAWCZE ''FENIX''	66.10
0000121283	FUNDACJA ''SERCE NA DŁONI''	65.20
0000124347	STOWARZYSZENIE LITERACKIE IM. K. K. BACZYŃSKIEGO	64.70
0000319418	FUNDACJA NA RZECZ ZWIERZĄT ''PRZYTUL PSA''	64.60
0000328216	STOWARZYSZENIE PRZYJACIÓŁ DZIECI I MŁODZIEŻY NIEPEŁNOSPRAWNEJ ''SZANSA''	64.20
0000213600	TOWARZYSTWO PRZYJACIÓŁ DZIECI ODDZIAŁ POWIATOWY W PABIANICACH	64.00
0000054866	TERENOWY KOMITET OCHRONY PRAW DZIECKA	64.00
0000228104	STOWARZYSZENIE CHORYCH NA BIAŁACZKĘ	63.90
0000036441	POLSKIE STOWARZYSZENIE NA RZECZ OSÓB Z UPOŚLEDZENIEM UMYSŁOWYM KOŁO W KOSZALINIE	63.40
0000181120	FUNDACJA W OBRONIE ZWIERZĄT MAJA	63.10
0000296182	FUNDACJA WSPARCIA POLICJANTÓW	63.00
0000332746	''STOWARZYSZENIE POMOCY ZWIERZĘTOM''	62.30
0000118574	OŚRODEK DZIAŁAŃ EKOLOGICZNYCH ''ŹRÓDŁA''	61.60
0000242885	FUNDACJA FEMINOTEKA	61.50
0000094699	ZWIĄZEK HARCERSTWA POLSKIEGO	60.00
0000122345	POLSKIE STOWARZYSZENIE NA RZECZ OSÓB Z UPOŚLEDZENIEM UMYSŁOWYM KOŁO W SZCZAWNICY	59.90
0000365274	STOWARZYSZENIE OPIEKI NAD ZWIERZĘTAMI ''NADZIEJA NA DOM''	59.30
0000090529	STOWARZYSZENIE ŚW. CELESTYNA	59.00
0000091879	STOWARZYSZENIE ''PRZYMIERZE RODZIN''	58.20
0000266321	ZWIĄZEK HARCERSTWA POLSKIEGO - CHORĄGIEW WIELKOPOLSKA	57.90
0000322302	TOWARZYSTWO PRZYJACIÓŁ DZIECI WIELKOPOLSKI ODDZIAŁ REGIONALNY	57.70
0000219812	STOWARZYSZENIE ''UŚMIECH''	57.70
0000043591	WĄBRZESKIE STOWARZYSZENIE POMOCY DZIECIOM SPECJALNEJ TROSKI	57.00
0000215699	STOWARZYSZENIE PROEKOLOGICZNE GROTNIKI - JEDLICZE - USTRONIE ''PINIA''	56.90
0000179266	STOWARZYSZENIE PRZYJACIÓŁ ZIEMI DMOSIŃSKIEJ W NAGAWKACH	56.70
0000171789	CENTRUM BADAŃ I INNOWACJI PRO-AKADEMIA	56.20
0000283567	STOWARZYSZENIE NA RZECZ DZIECI Z CHOROBĄ NOWOTWOROWĄ I RODZICÓW PO STRACIE BOŻA KRÓWKA	56.20
0000269216	TOWARZYSTWO PRZYJACIÓŁ DZIECI LUBELSKI ODDZIAŁ REGIONALNY	56.00
0000300967	ŁÓDZKIE STOWARZYSZENIE LARYNGEKTOMOWANYCH	55.90
0000047396	FUNDACJA DOBREGO PASTERZA	55.60
0000261946	NIEZALEŻNA INICJATYWA RODZICÓW I POŁOŻNYCH ''DOBRZE URODZENI''	55.20
0000128201	KOŁO POMOCY DZIECIOM NIEPEŁNOSPRAWNYM	55.10
0000190575	FUNDACJA NARODOWA IM. ROMANA DMOWSKIEGO	55.00
0000287668	STOWARZYSZENIE RODZIN DZIECI I OSÓB NIEPEŁNOSPRAWNYCH	54.80
0000291792	FUNDACJA ''TRADITIO EUROPAE''	54.50
0000319244	STOWARZYSZENIE PRZYJACIÓŁ DZIECI I MŁODZIEŻY Z CUKRZYCĄ	53.50
0000051371	STOWARZYSZENIE PROFILAKTYKI I TERAPII ''MŁODZI-MŁODYM''	53.40
0000102760	''BIEG PIASTÓW''	53.20
0000385861	''FUNDACJA MIĘDZY NIEBEM A ZIEMIĄ''	52.40
0000325141	STOWARZYSZENIE ''RAJSKA DOLINA''	51.60
0000078824	RUCH KULTURY CHRZESCIJAŃSKIEJ '' ODRODZENIE ''	51.60
0000104415	STOWARZYSZENIE POMOCY DZIECIOM Z CHOROBAMI SERCA I NEREK	51.50
0000232719	STOWARZYSZENIE RODZIN DZIECI SPECJALNEJ TROSKI	51.50
0000020871	FUNDACJA ''ZWIERZĘTA I MY''	51.50
0000298475	NIEZALEŻNE ZRZESZENIE STUDENTÓW UNIWERSYTETU GDAŃSKIEGO	51.40
0000229817	STOWARZYSZENIE POMOCY DZIECIOM I MŁODZIEŻY ''BLISKO DZIECKA''	51.30
0000113431	LIGA OCHRONY PRZYRODY	51.10
0000035776	STOWARZYSZENIE POMOCY DZIECIOM I ICH RODZINOM W SZCZEGÓLNIE TRUDNEJ SYTUACJI ŻYCIOWEJ ''ISKIERKA''	51.10
0000394803	KAMILIAŃSKA MISJA POMOCY SPOŁECZNEJ	50.70
0000195764	FUNDACJA RATOWANIA ZABYTKÓW I POMNIKÓW PRZYRODY	50.50
0000014251	OLSZTYŃSKIE STOWARZYSZENIE HOSPICYJNE ''PALIUM''	50.10
0000128910	STOWARZYSZENIE ROZTOCZAŃSKA KONNA STRAŻ OCHRONY PRZYRODY IM. 25 PUŁKU UŁANÓW WIELKOPOLSKICH	49.60
0000184209	''FUNDACJA VIVE SERCE DZIECIOM''	49.60
0000217673	STOWARZYSZENIE POMOCY CHORYM NA GIST	49.30
0000051189	STOWARZYSZENIE PRZYJACIÓŁ CHORYCH NA RZECZ ''HOSPICJUM GDAŃSKIEGO IM.MATKI TERESY Z KALKUTY''	49.30
0000085223	FUNDACJA ROZWOJU KATOLICKIEGO UNIWERSYTETU LUBELSKIEGO	49.30
0000088158	STOWARZYSZENIE PRZYJACIÓŁ CHORYCH ''HOSPICJUM''	49.20
0000291381	STOWARZYSZENIE RODZICÓW NA RZECZ POMOCY ZESPOŁU SZKÓŁ SPECJALNYCH W BIAŁEJ PODLASKIEJ - ''OTWARTE SERCA''	49.00
0000203313	KRAKOWSKIE HOSPICJUM DLA DZIECI IMIENIA KSIĘDZA JÓZEFA TISCHNERA	48.60
0000002116	SOSNOWIECKIE STOWARZYSZENIE AMAZONEK ''ŻYCIE''	48.30
0000225011	CENTRUM MISJI I EWANGELIZACJI KOŚCIOŁA EWANGELICKO-AUGSBURSKIEGO W RZECZYPOSPOLITEJ POLSKIEJ	48.20
0000252071	FUNDACJA POLSKIE GNIAZDO	48.00
0000206303	FUNDACJA ''KORPORACJA HA!ART''	47.50
0000302339	STOWARZYSZENIE ''PRZYSZŁOŚĆ NASZYCH DZIECI''	47.30
0000003362	STOWARZYSZENIE HOSPICJUM IM. ANNY OLSZEWSKIEJ W SKIERNIEWICACH	47.10
0000227006	WATOTO-DZIECI AFRYKI	46.30
0000039753	KRAJOWE TOWARZYSTWO AUTYZMU ODDZIAŁ W BIAŁYMSTOKU	46.20
0000138587	STOWARZYSZNIE ABSTYNENTÓW KLUBU ''OPOKA'' W PRZYSUSZE	45.40
0000226419	STOWARZYSZENIE RODZIN Z ATAKSJĄ RDZENIOWO-MÓŻDŻKOWĄ	44.50
0000161926	STOWARZYSZENIE ''PODAJ RĘKĘ''	44.30
0000278582	CHORĄGIEW ZACHODNIOPOMORSKA ZWIĄZKU HARCERSTWA POLSKIEGO	44.20
0000250000	GŁOGOWSKA FUNDACJA AKADEMICKA	43.50
0000016137	STOWARZYSZENIE OTWARTYCH SERC AKTYWNYCH KOBIET /SOS/ W OLKUSZU	42.90
0000059463	STOWARZYSZENIE CHORYCH Z PRZEPUKLINĄ OPONOWO-RDZENIOWĄ RZECZYPOSPOLITEJ POLSKIEJ W LUBLINIE ODDZIAŁ ZACHODNIOPOMORSKI W KOSZALINIE	42.80
0000338904	GDAŃSKA FUNDACJA TERAPII I ROZWOJU	42.70
0000219302	STOWARZYSZENIE JEŹDZIECKIE ''SZARŻA''	42.60
0000343005	FUNDACJA GOLDEN TULIP	42.60
0000023411	STOWARZYSZENIE ''AMAZONKI'' - WARSZAWA - CENTRUM	42.60
0000172794	STOWARZYSZENIE MIŁOŚNIKÓW SANKTUARIUM MARYJNEGO W SULISŁAWICACH	42.40
0000101494	STOWARZYSZENIE ''POMÓŻ DZIECIOM''	42.20
0000173104	STOWARZYSZENIE ''NASZE WARSZEWO''	42.00
0000122785	AKADEMIA KARATE TRADYCYJNEGO W RZESZOWIE	42.00
0000190280	OLIMPIADY SPECJALNE POLSKA	41.90
0000230512	STOWARZYSZENIE NA RZECZ REHABILITACJI NIEWIDOMYCH I SŁABOWIDZĄCYCH	41.90
0000013726	STOWARZYSZENIE ''RODZINA MIŁOŚCI OFIARNEJ''	41.70
0000285945	FUNDACJA ''DROGA DO DOMU''	41.50
0000225750	CARITAS ARCHIDIECEZJI WARSZAWSKIEJ	41.40
0000213078	''INICJATYWA DLA ZWIERZĄT''	41.00
0000202576	''JESTEM'' STOWARZYSZENIE POMOCY DZIECIOM NIEPEŁNOSPRAWNYM I OSOBOM POTRZEBUJĄCYM WSPARCIA	40.70
0000118275	STOWARZYSZENIE DLA NATURY ''WILK''	40.70
0000285218	FUNDACJA MARCINEK NA RZECZ DZIECI NIEPEŁNOSPRAWNYCH	40.30
0000249071	MAŁOPOLSKIE HOSPICJUM DLA DZIECI	40.20
0000211791	CARITAS DIECEZJI TARNOWSKIEJ	39.50
0000311037	''FUNDACJA KOCIE ŻYCIE''	39.00
0000128315	KLUB JAGIELLOŃSKI	39.00
0000328314	''TWOJE ZDROWIE - WALKA Z RAKIEM PIERSI''	38.80
0000163347	POLSKI ZWIĄZEK NIEWIDOMYCH OKRĘG MAZOWIECKI	38.50
0000233283	''POMOCNA ŁAPA''	38.50
0000051322	FUNDACJA NA RZECZ REWALORYZACJI MIASTA ŚREM	38.20
0000018454	ZESPÓŁ FOLKLORYSTYCZNY ''LAZURKI''	38.10
0000180582	RADOMSKIE STOWARZYSZENIE ''POMOCNE DŁONIE''	38.00
0000026814	STOWARZYSZENIE HOSPICJUM ŚW. KAMILA	37.90
0000222915	STOWARZYSZENIE ''DOROŚLI DLA DZIECI''	37.80
0000155211	STOWARZYSZENIE NA RZECZ MŁODZIEŻY NIEWIDZĄCEJ I SŁABOWIDZĄCEJ W GRUDZIĄDZU	37.80
0000400594	KLUB BIEGACZA GEOTERMIA UNIEJÓW	37.70
0000040314	SPOŁECZNE TOWARZYSTWO ''HOSPICJUM CORDIS''	37.30
0000339766	POLSKIE STOWARZYSZENIE NA RZECZ OSÓB Z UPOŚLEDZENIEM UMYSŁOWYM KOŁO W BISKUPCU	37.20
0000135612	BRACTWO MIŁOSIERDZIA IM. ŚW. BRATA ALBERTA	36.80
0000139499	STOWARZYSZENIE SPORTOWO LUDOWE ''WIELMOŻANKA''	36.70
0000024029	SPOŁECZNY KOMITET OPIEKI NAD STARYMI POWĄZKAMI IMIENIA JERZEGO WALDORFFA	36.70
0000018107	STOWARZYSZENIE WSPIERANIA WALKI Z NOWOTWORAMI ''POKONAĆ RAKA''	36.60
0000226058	FUNDACJA EKOLOGICZNA ARKA	36.60
0000128172	FUNDACJA OPIEKI NAD ZWIERZĘTAMI ''CANIS''	36.50
0000062939	''JAWORZNIACY'' FUNDACJA POMOCY BYŁYM MŁODOCIANYM WIĘŹNIOM POLITYCZNYM	36.30
0000225393	FUNDACJA SZTUKI WSPÓŁCZESNEJ ''IN SITU''	36.10
0000069428	BYDGOSKI KLUB PRZYJACIÓŁ ZWIERZĄT ''ANIMALS''	35.90
0000090093	FUNDACJA OKULARNICY IMIENIA AGNIESZKI OSIECKIEJ	35.60
0000064052	FUNDACJA ROZWOJU SPÓŁDZIELCZOŚCI UCZNIOWSKIEJ	35.60
0000093204	FUNDACJA PRZYJACIELE SZPITALA DZIECIĘCEGO PRZY LITEWSKIEJ	35.50
0000109744	FUNDACJA NA RZECZ NAUKI POLSKIEJ	35.30
0000356850	FUNDACJA KAPUCYNI I MISJE	35.00
0000089639	SPOŁECZNA FUNDACJA MIASTA KUTNA	34.90
0000022539	STOWARZYSZENIE ZESPÓŁ PIEŚNI I TAŃCA ZIEMI LUBELSKIEJ IM. WANDY KANIOROWEJ	34.80
0000010531	POLSKIE STOWARZYSZENIE NA RZECZ OSÓB Z UPOŚLEDZENIEM UMYSŁOWYM KOŁO W STARGARDZIE SZCZECIŃSKIM	34.70
0000115468	ZACHODNIOPOMORSKIE TOWARZYSTWO PRZYRODNICZE	34.40
0000110695	STOWARZYSZENIE AMNESTY INTERNATIONAL	34.20
0000031099	FUNDACJA ROZWOJU KARDIOCHIRURGII COR AEGRUM W KRAKOWIE	34.20
0000257764	STOWARZYSZENIE ''NADZIEJA'' W MALANOWIE	33.70
0000070261	POLSKIE STOWARZYSZENIE NA RZECZ OSÓB Z UPOŚLEDZENIEM UMYSŁOWYM KOŁO W CIESZYNIE	32.60
0000044175	STOWARZYSZENIE PRZYJACIÓŁ SZKÓŁ KATOLICKICH	32.00
0000031048	BYDGOSKIE STOWARZYSZENIE AMAZONEK ''ŁUCZNICZKA''	32.00
0000280475	FUNDACJA ZDROWIA I KULTURY ''KOCHAJ ŻYCIE''	31.90
0000118256	JELENIOGÓRSKIE STOWARZYSZENIE ŻOŁNIERZY RADIOTECHNIKÓW ''RADAR''	31.50
0000159490	''POMOCNA DŁOŃ''	31.40
0000248673	CHEŁMSKIE STOWARZYSZENIE TECHNICZNE IM. EWARYSTA STOBNICKIEGO W CHEŁMIE	31.20
0000324209	FUNDACJA ''W TROSCE O ŻYCIE''	31.20
0000051385	POLSKIE TOWARZYSTWO STWARDNIENIA ROZSIANEGO - ODDZIAŁ W KONINIE	30.90
0000241695	FUNDACJA ERA PAROWOZÓW	30.50
0000209091	FUNDACJA - PSYCHOTERAPEUTYCZNA REHABILITACJA DZIECI CHORYCH ONKOLOGICZNIE	30.50
0000093158	POLSKIE TOWARZYSTWO WALKI Z KALECTWEM ODDZIAŁ RADOM	30.30
0000383970	DOM POMOCY SPOŁECZNEJ PROWADZONY PRZEZ ZGROMADZENIE SIÓSTR ALBERTYNEK	30.00
0000180514	FUNDACJA BIESZCZADZKA	29.70
0000003647	STOWARZYSZENIE EKOLOGICZNE ''EKO-UNIA'' Z SIEDZIBĄ WE WROCŁAWIU	29.40
0000220682	STOWARZYSZENIE INTEGRACYJNE DZIAŁAJĄCE NA RZECZ OSÓB NIEPEŁNOSPRAWNYCH I ICH RODZIN ''TACY SAMI''	28.80
0000106416	FUNDACJA FUGA MUNDI	28.80
0000162837	STOWARZYSZENIE NA RZECZ WSPOMAGANIA ROZWOJU DZIECI I MŁODZIEŻY TITUM	28.60
0000146957	FUNDACJA ''ORIFLAME DZIECIOM''	28.20
0000365293	FUNDACJA PROMOCJI MEDIACJI I EDUKACJI PRAWNEJ LEX NOSTRA	27.80
0000226503	FUNDACJA POMOCY DZIECIOM NIEPEŁNOSPRAWNYM ''PIERWSZY KROK''	27.50
0000373138	FUNDACJA SPECJAŁ	27.40
0000276836	STOWARZYSZENIE PRZYJACIÓŁ KOŚCIOŁA ŚW.TRÓJCY ''DZIEDZINIEC''	27.40
0000239253	FUNDACJA ''DOBRY DUSZEK''	26.90
0000271315	STOWARZYSZENIE ROZWOJU DZIECI I MŁODZIEŻY ''ALF''	26.70
0000202664	FUNDACJA NA RZECZ POPRAWY OPIEKI NAD NOWORODKAMI I WCZEŚNIAKAMI	26.70
0000035231	STOWARZYSZENIE IM. ŚW. BRATA ALBERTA	26.60
0000226942	TOWARZYSTWO PRZYJACIÓŁ DZIECI ODDZIAŁ POWIATOWY W BEŁCHATOWIE	26.40
0000216692	FUNDACJA NA RZECZ OSÓB NIEPEŁNOSPRAWNYCH IM. ŚW. JANA DE LA SALLE	26.10
0000331266	STOWARZYSZENIE NA RZECZ OSÓB Z WADAMI RĄK ''W NASZYCH RĘKACH''	25.70
0000244589	TOWARZYSTWO MIŁOŚNIKÓW KOSZALIŃSKIEJ WĄSKOTORÓWKI	25.70
0000093119	FUNDACJA ''MAŁYCH BRACI ŚW. FRANCISZKA''	25.30
0000364518	''FUNDACJA PASTERZE''	24.90
0000227024	STOWARZYSZENIE RODZIN OSÓB Z ZESPOŁEM DOWNA ''UKRYTY SKARB''	24.30
0000296536	STOWARZYSZENIE RADOŚĆ ŻYCIA	23.90
0000102034	STOWARZYSZENIE WSPIERANIA ROZWOJU TRANSPLANTACJI SZPIKU U DZIECI	23.80
0000319906	PRZYJACIELE CZTERECH ŁAP	23.00
0000222733	CARITAS DIECEZJI RADOMSKIEJ	23.00
0000198087	CARITAS DIECEZJI KIELECKIEJ	22.80
0000004868	STOWARZYSZENIE NA RZECZ ZWALCZANIA CHORÓB UKŁADU ODDECHOWEGO PRZY SZPITALU KLINICZNYM NR 3 W ZABRZU-BISKUPICACH	22.60
0000106283	ORATORIUM ŚW. JANA BOSKO	22.30
0000162817	FEDERACJA NA RZECZ REINTEGRACJI SPOŁECZNEJ	22.30
0000168137	KLUB KOBIET ''AMAZONKA'' PRZY STAROGARDZKIM CENTRUM REHABILITACJI W STAROGARDZIE GDAŃSKIM	22.00
0000106108	ZWIĄZEK KOMBATANTÓW RZECZYPOSPOLITEJ POLSKIEJ I BYŁYCH WIĘŹNIÓW POLITYCZNYCH	21.90
0000114698	STOWARZYSZENIE STUDENCI DLA WOLNEGO TYBETU	21.80
0000311733	STOWARZYSZENIE NA RZECZ WSPOMAGANIA OSÓB Z NIEPEŁNOSPRAWNOŚCIĄ I ICH OTOCZENIA ''RAZEM''	21.80
0000065610	POLSKIE TOWARZYSTWO PIELĘGNIARSKIE	21.60
0000031960	POLSKIE TOWARZYSTWO STWARDNIENIA ROZSIANEGO ODDZIAŁ W RADOMIU	21.60
0000102199	STOWARZYSZENIE RODZIN KATOLICKICH ARCHIDIECEZJI ŁÓDZKIEJ ODDZIAŁ W BEŁCHATOWIE	21.40
0000150431	ŚLĄSKIE STOWARZYSZENIE KULTURALNO-OŚWIATOWE	21.20
0000302278	''FUNDACJA POLSKIEGO ZWIĄZKU MOTOROWEGO''	21.10
0000052184	STOWARZYSZENIE POMOCY ''PRZEBUDZENIE''	21.00
0000118249	''FUNDACJA WSPIERANIA ROZWOJU KARDIOLOGII''	20.60
0000154439	STOWARZYSZENIE NA RZECZ OSÓB NIEPEŁNOSPRAWNYCH ''PRZYSTAŃ''	20.50
0000232081	FUNDACJA PRZYJACIÓŁ ZABYTKÓW RZEMIOSŁA	20.50
0000020206	STOWARZYSZENIE POMOCY DZIECIOM NIEPEŁNOSPRAWNYM ''PODAJMY SOBIE RĘCE''	20.30
0000477457	MIĘDZYSZKOLNY KLUB SPORTOWY	20.30
0000210690	STOWARZYSZENIE EDUKACYJNO - SPORTOWE STASZIC - KUTNO	20.20
0000124097	STOWARZYSZENIE ''MOŻESZ'' NA RZECZ PSYCHOPROFILAKTYKI I ROZWOJU DZIECI I MŁODZIEŻY	19.50
0000267297	FUNDACJA ONKOLOGICZNA NADZIEJA	19.50
0000231822	FUNDACJA MAGIS	19.30
0000370646	STOWARZYSZENIE NA RZECZ OSÓB NIEPEŁNOSPRAWNYCH I OSÓB ZAGROŻONYCH WYKLUCZENIEM SPOŁECZNYM ''KOLOMOTYWA''	19.20
0000292980	ZAKŁAD LECZNICZO - OPIEKUŃCZY DLA DZIECI PROWADZONY PRZEZ ZGROMADZENIE SIÓSTR MARYI NIEPOKALANEJ	19.10
0000256292	STOWARZYSZENIE ''PALIUM'' W LUBINIE	19.00
0000273453	FUNDACJA IMIENIA KRZYWDÓW I BIEŃKÓW	18.90
0000041870	TARNOBRZESKI KLUB SZACHOWY	18.70
0000141132	FUNDACJA ''CORRESPONDANCE DES ARTS''	18.70
0000272492	FUNDACJA SADYBA	18.60
0000178876	FUNDACJA EKOROZWOJU	18.50
0000165877	OGÓLNOPOLSKIE STOWARZYSZENIE OPTYMALNYCH IM.ADAMA JANY	18.40
0000265951	FUNDACJA OPIEKI NAD ZWIERZĘTAMI BEZDOMNYMI PRZYTULISKO	18.30
0000225584	CARITAS DIECEZJI TORUŃSKIEJ	18.30
0000030279	FUNDACJA ''OCALENIE''	18.20
0000022162	TOWARZYSTWO POMOCY DZIECIOM I MŁODZIEŻY Z CUKRZYCĄ	18.20
0000030843	STOWARZYSZENIE WZAJEMNEJ POMOCY ''AGAPE''	18.10
0000015556	STOWARZYSZENIE PRZYJACIÓŁ BEZPAŃSKICH ZWIERZĄT ''CICHY KĄT'' W TARNOWSKICH GÓRACH	18.00
0000017506	TOWARZYSTWO PRZYJACIÓŁ ZIEMI RAKOWSKIEJ I REGIONU ŚWIĘTOKRZYSKIEGO	18.00
0000112569	STOWARZYSZENIE SPOŁECZNO-KULTURALNE-KLUB MYŚLI SPOŁECZNEJ IM. ANDRZEJA FRYCZA MODRZEWSKIEGO	17.80
0000138121	''FUNDACJA TUS''	17.70
0000269579	CARITAS POTRZEBUJĄCYM	17.60
0000163877	STOWARZYSZENIE LOKALNYCH OŚRODKÓW TWÓRCZYCH	17.60
0000239583	STOWARZYSZENIE POMOCY DZIECIOM PATKUB	17.30
0000040168	STOWARZYSZENIE CHORYCH NA ŁUSZCZYCĘ NAZWA W JĘZYKU ANGIELSKIM: ''THE PSORIASIS ASSOCIATION''	17.10
0000088855	STOWARZYSZENIE OPIEKI HOSPICYJNEJ W ZDUŃSKIEJ WOLI	17.00
0000260910	''FUNDACJA DZIECI ŻYWIONE INACZEJ PRZY CENTRUM ZDROWIA DZIECKA''	17.00
0000313847	OŚRODEK REHABILITACJI ZWIERZĄT CHRONIONYCH	16.90
0000237645	''ALMA SPEI'' HOSPICJUM DLA DZIECI	16.70
0000111612	STOWARZYSZENIE ''SERCE DZIECIOM''	16.60
0000319349	STOWARZYSZENIE SAFE WATER ASSOCIATION	16.60
0000275906	STOWARZYSZENIE NA RZECZ WSZECHSTRONNEGO ROZWOJU DZIECI, MŁODZIEŻY I DOROSŁYCH IM. BŁOGOSŁAWIONEJ KAROLINY	16.30
0000251324	''ZJEDNOCZENIE PABIANICKIE''	16.20
0000216852	''RUCH SAMORZĄDOWY IM. PROF. MARIANA FALSKIEGO W KUŹNICY GRABOWSKIEJ''	15.90
0000324968	''ŚWIAT ZWIERZĘTOM''	15.80
0000221607	STOWARZYSZENIE DEBRA POLSKA KRUCHY DOTYK	15.50
0000205430	''SAMI DLA SIEBIE''	15.40
0000006967	STOWARZYSZENIE PRZYJACIÓŁ ZWIERZĄT ''AZYL''	15.00
0000000291	FUNDACJA NA RZECZ POMOCY DZIECIOM Z GRODZIEŃSZCZYZNY	15.00
0000095631	DZIEŁO POMOCY DZIECIOM FUNDACJA RUPERTA MAYERA	14.90
0000036364	STOWARZYSZENIE POMOCY CHORYM NA DYSTROPHIE MUSCULORUM	14.80
0000208214	STOWARZYSZENIE POMOCY CHORYM Z ZESPOŁEM TURNERA	14.70
0000065253	POLSKIE FORUM EUROPEJSKIEJ KOALICJI DO WALKI Z RAKIEM PIERSI EUROPA DONNA	14.50
0000159203	POLSKIE STOWARZYSZENIE DIABETYKÓW ZARZĄD ODDZIAŁU WOJEWÓDZKIEGO W ŁODZI	14.00
0000324731	STOWARZYSZENIE HUMANITARNO-EKOLOGICZNE ''DLA BRACI MNIEJSZYCH''	14.00
0000120773	FUNDACJA ''KRĄG PRZYJACIÓŁ DZIECKA'' IM.ŚW. JÓZEFA KALASANCJUSZA	13.90
0000260223	STOWARZYSZENIE RODZICÓW PO PORONIENIU	13.70
0000342831	FUNDACJA JAGODA IM. JAGODY PACHOTA	13.60
0000165731	FUNDACJA ''PRZASNYSKIE LICEUM''	13.20
0000041692	FUNDACJA GENERAŁ ELŻBIETY ZAWACKIEJ. ARCHIWUM I MUZEUM POMORSKIE ARMII KRAJOWEJ ORAZ WOJSKOWEJ SŁUŻBY POLEK.	13.10
0000090983	TOWARZYSTWO MUZYCZNE IM. H. WIENIAWSKIEGO	13.00
0000294205	AEROKLUB REGIONALNY W PIŃCZOWIE	12.70
0000314891	STOWARZYSZENIE EDUKACYJNO-REGIONALNE ''PRZYSZŁOŚĆ MŁODEGO POKOLENIA''	12.30
0000002188	STOWARZYSZENIE AMAZONEK POWIATU MIELECKIEGO	12.20
0000169232	STOWARZYSZENIE SOLIDARNI ''PLUS''	12.20
0000117212	POLSKIE TOWARZYSTWO OCHRONY PRZYRODY ''SALAMANDRA''	11.90
0000134144	STOWARZYSZENIE NA RZECZ OSÓB NIEPEŁNOSPRAWNYCH DOM	11.90
0000020388	POLSKIE STOWARZYSZENIE NA RZECZ OSÓB Z UPOŚLEDZENIEM UMYSŁOWYM - KOŁO W RYMANOWIE	11.50
0000300684	STOWARZYSZENIE PRZEDSIĘBIORCZOŚCI I REHABILITACJI	11.40
0000085684	FUNDACJA ''KRESY 2000 DOM SŁUŻEBNY POLSKIEJ SZTUCE SŁOWA, MUZYKI I OBRAZU W NADRZECZU KOŁO BIŁGORAJA''	11.30
0000227161	STOWARZYSZENIE ''JESTEŚMY TACY...''	11.30
0000165470	STOWARZYSZENIE NA RZECZ POMOCY DZIECIOM I DOROSŁYM Z UPOŚLEDZENIEM UMYSŁOWYM ''DELTA''	11.30
0000323892	STOWARZYSZENIE PRZYJACIÓŁ GIMNAZJUM NR 20 W KATOWICACH	11.10
0000119205	FUNDACJA ''POŻYWIENIE-DAREM SERCA''	11.10
0000056806	STOWARZYSZENIE OSÓB NIEPEŁNOSPRAWNYCH ICH RODZIN I PRZYJACIÓŁ NA TERENIE ZIEMI DARŁOWSKIEJ I GMIN OŚCIENNYCH	10.80
0000278610	POLSKO - AMERYKAŃSKA FUNDACJA EDUKACJI I ROZWOJU EKONOMICZNEGO	10.60
0000171834	''KREWNIACY'' - EUROPEJSKA FUNDACJA HONOROWEGO DAWCY KRWI	10.30
0000037116	STOWARZYSZENIE NA RZECZ BEZPIECZEŃSTWA DZIECI I MŁODZIEŻY	10.30
0000192452	STOWARZYSZENIE INTEGRACYJNE ''KLUB OTWARTYCH SERC''	10.10
0000137882	STOWARZYSZENIE ROZWOJU KULTURY DZIECI I MŁODZIEŻY	10.00
0000000594	KUJAWSKO-POMORSKI ZWIĄZEK LEKKIEJ ATLETYKI	9.90
0000135677	DZIEŁO ODBUDOWY MIŁOŚCI, FUNDACJA D.O.M.	9.70
0000243408	FUNDACJA DOM RAIN MANA	9.60
0000163353	STOWARZYSZENIE POMOCY OSOBOM NIEPEŁNOSPRAWNYM ''LARIX'' IMIENIA HENRYKA RUSZCZYCA	9.60
0000224658	CARITAS POZNAŃSKA	9.60
0000403043	''BEZPIECZNE WAKACJE''	9.30
0000320242	FUNDACJA SALUTARIS	9.20
0000312389	FUNDACJA AKADEMIA PIŁKARSKA LEGII WARSZAWA	9.00
0000182717	FUNDACJA WSPIERANIA ROZWOJU RUCHOWEGO ''POMÓŻ NAM CHODZIĆ''	8.70
0000143611	BANK ŻYWNOŚCI W KRAKOWIE	8.30
0000233594	STOWARZYSZENIE BANK ŻYWNOŚCI KUTNO	8.20
0000324819	STOWARZYSZENIE ''STRAPATE RANCZO''	8.00
0000030590	GMINNY KLUB PIŁKARSKI ''KAROL'' PĘPLINO	7.80
0000231127	POLSKIE STOWARZYSZENIE DIABETYKÓW KOŁO POMOCY DZIECIOM I MŁODZIEŻY Z CUKRZYCĄ W PŁOCKU	7.80
0000355019	FUNDACJA ZGROMADZENIA BRACI ALBERTYNÓW	7.30
0000241772	POLSKIE TOWARZYSTWO PROGRAMÓW ZDROWOTNYCH	6.90
0000184074	AGENCJA WSPÓŁPRACY I ROZWOJU- STOWARZYSZENIE AKTYWIZACJI SPOŁECZNEJ ''SAS''	6.90
0000319375	COLLEGIUM ARTIUM	6.70
0000107943	FUNDACJA ACADEMIA IURIS	6.70
0000156949	STOWARZYSZENIE RODZIN ZDROWIE PSYCHICZNE	6.70
0000270209	HOSPICJUM DOMOWE IM. ŚW. FRANCISZKA Z ASYŻU	6.50
0000225114	MUZEUM PRZEMYSŁU I KOLEJNICTWA NA ŚLĄSKU	6.50
0000219599	STOWARZYSZENIE NA RZECZ DZIEWCZĄT I KOBIET POZOSTAJĄCYCH W SYTUACJACH KRYZYSU ''ZWIĄZEK MARYJNY''	6.40
0000304626	TOWARZYSTWO PRZYJACIÓŁ DZIECI ODDZIAŁ OKRĘGOWY W KOSZALINIE	6.10
0000059806	FUNDACJA RATUJMY PTAKI	6.00
0000003793	TOWARZYSTWO MUZYCZNE IM. KAROLA NICZE	6.00
0000195433	STOWARZYSZENIE WOLNEGO SŁOWA	6.00
0000189925	STOWARZYSZENIE POMOCY PORZUCONYM I DRĘCZONYM ZWIERZĘTOM	5.60
0000327927	FUNDACJA ''DAJMY DZIECIOM SZANSĘ''	5.00
0000312232	''USŁYSZ MARZENIA''	5.00
0000150740	STOWARZYSZENIE RODZIN I PRZYJACIÓŁ DZIECI NIEPEŁNOSPRAWNYCH ''DZIECIĘCE MARZENIA''	4.60
0000316350	STOWARZYSZENIE EDUKACYJNE WARTOŚCI ŻYCIA	4.60
0000387370	FUNDACJA ''POKONAJ RAKA''	4.20
0000010902	POLSKIE STOWARZYSZENIE NA RZECZ OSÓB Z UPOŚLEDZENIEM UMYSŁOWYM KOŁO W JAROSŁAWIU	3.80
0000204277	ŚWIETLICA ''ORATORIUM''	3.30
0000078082	GMINNY LUDOWY KLUB SPORTOWY ''ANDRESPOLIA''	3.10
0000044866	FAMILIJNY POZNAŃ	3.10
0000003495	''HOSPICJUM KRÓLOWEJ POKOJU''	2.90
0000087872	STOWARZYSZENIE POMOCY RODZINIE ''DROGA''	2.60
0000319230	STOWARZYSZENIE ''TWOJA SPRAWA''	2.40
0000084092	TOWARZYSTWO INICJATYW TWÓRCZYCH ''Ę''	1.50
0000339553	''FUNDACJA DLA MŁODZIEŻY''	0.90
0000079501	STOWARZYSZENIE RODZIN I OSÓB NIEPEŁNOSPRAWNYCH '' RAZEM ''	0.70
0000257224	FUNDACJA INNA PRZESTRZEŃ	0.70
0000029422	SPOŁECZNA FUNDACJA ''LUDZIE DLA LUDZI''	0.40
0000210748	FUNDACJA DOM	0.40
